,pair,country_code_alpha2_X,country_code_alpha2_Y,X2Y_Similarity,Y2X_Similarity,Edge_Asymmetry,Average_Similarity,country_code_alpha3_X,country_code_alpha3_Y
0,"('AD', 'AT')",AD,AT,1.0,1.0,0.0,1.0,AND,AUT
1,"('AD', 'BE')",AD,BE,1.0,1.0,0.0,1.0,AND,BEL
2,"('AD', 'BR')",AD,BR,1.0,1.0,0.0,1.0,AND,BRA
3,"('AD', 'CA')",AD,CA,1.0,1.0,0.0,1.0,AND,CAN
4,"('AD', 'CR')",AD,CR,1.0,1.0,0.0,1.0,AND,CRI
5,"('AD', 'CZ')",AD,CZ,1.0,1.0,0.0,1.0,AND,CZE
6,"('AD', 'DK')",AD,DK,1.0,1.0,0.0,1.0,AND,DNK
7,"('AD', 'DZ')",AD,DZ,1.0,1.0,0.0,1.0,AND,DZA
8,"('AD', 'FI')",AD,FI,1.0,1.0,0.0,1.0,AND,FIN
9,"('AD', 'GR')",AD,GR,1.0,1.0,0.0,1.0,AND,GRC
10,"('AD', 'IL')",AD,IL,1.0,1.0,0.0,1.0,AND,ISR
11,"('AD', 'IS')",AD,IS,1.0,1.0,0.0,1.0,AND,ISL
12,"('AD', 'LI')",AD,LI,1.0,1.0,0.0,1.0,AND,LIE
13,"('AD', 'MY')",AD,MY,1.0,1.0,0.0,1.0,AND,MYS
14,"('AD', 'PL')",AD,PL,1.0,1.0,0.0,1.0,AND,POL
15,"('AD', 'PT')",AD,PT,1.0,1.0,0.0,1.0,AND,PRT
16,"('AD', 'RS')",AD,RS,1.0,1.0,0.0,1.0,AND,SRB
17,"('AD', 'SA')",AD,SA,1.0,1.0,0.0,1.0,AND,SAU
18,"('AD', 'SC')",AD,SC,1.0,1.0,0.0,1.0,AND,SYC
19,"('AD', 'TR')",AD,TR,1.0,1.0,0.0,1.0,AND,TUR
20,"('AD', 'VE')",AD,VE,1.0,1.0,0.0,1.0,AND,VEN
21,"('AT', 'CR')",AT,CR,1.0,1.0,0.0,1.0,AUT,CRI
22,"('AT', 'GR')",AT,GR,1.0,1.0,0.0,1.0,AUT,GRC
23,"('AT', 'LI')",AT,LI,1.0,1.0,0.0,1.0,AUT,LIE
24,"('AU', 'AD')",AU,AD,1.0,1.0,0.0,1.0,AUS,AND
25,"('AU', 'AT')",AU,AT,1.0,0.88,0.12,0.94,AUS,AUT
26,"('AU', 'BE')",AU,BE,0.98,0.88,0.09999999999999998,0.9299999999999999,AUS,BEL
27,"('AU', 'BR')",AU,BR,0.98,0.9,0.07999999999999996,0.94,AUS,BRA
28,"('AU', 'CA')",AU,CA,1.0,0.92,0.07999999999999996,0.96,AUS,CAN
29,"('AU', 'CL')",AU,CL,0.98,0.96,0.020000000000000018,0.97,AUS,CHL
30,"('AU', 'CN')",AU,CN,0.9,0.9,0.0,0.9,AUS,CHN
31,"('AU', 'CR')",AU,CR,1.0,0.92,0.07999999999999996,0.96,AUS,CRI
32,"('AU', 'CZ')",AU,CZ,1.0,0.92,0.07999999999999996,0.96,AUS,CZE
33,"('AU', 'DK')",AU,DK,1.0,0.92,0.07999999999999996,0.96,AUS,DNK
34,"('AU', 'DZ')",AU,DZ,1.0,0.98,0.020000000000000018,0.99,AUS,DZA
35,"('AU', 'ES')",AU,ES,0.96,0.86,0.09999999999999998,0.9099999999999999,AUS,ESP
36,"('AU', 'FI')",AU,FI,0.98,0.92,0.05999999999999994,0.95,AUS,FIN
37,"('AU', 'FR')",AU,FR,0.98,0.86,0.12,0.9199999999999999,AUS,FRA
38,"('AU', 'GR')",AU,GR,1.0,0.98,0.020000000000000018,0.99,AUS,GRC
39,"('AU', 'HK')",AU,HK,0.94,0.94,0.0,0.94,AUS,HKG
40,"('AU', 'HU')",AU,HU,0.98,0.94,0.040000000000000036,0.96,AUS,HUN
41,"('AU', 'ID')",AU,ID,1.0,0.98,0.020000000000000018,0.99,AUS,IDN
42,"('AU', 'IL')",AU,IL,1.0,0.96,0.040000000000000036,0.98,AUS,ISR
43,"('AU', 'IN')",AU,IN,0.86,0.94,0.07999999999999996,0.8999999999999999,AUS,IND
44,"('AU', 'IS')",AU,IS,1.0,1.0,0.0,1.0,AUS,ISL
45,"('AU', 'JP')",AU,JP,0.92,0.92,0.0,0.92,AUS,JPN
46,"('AU', 'KE')",AU,KE,1.0,0.94,0.06000000000000005,0.97,AUS,KEN
47,"('AU', 'LI')",AU,LI,1.0,1.0,0.0,1.0,AUS,LIE
48,"('AU', 'LT')",AU,LT,0.96,0.98,0.020000000000000018,0.97,AUS,LTU
49,"('AU', 'LU')",AU,LU,0.98,1.0,0.020000000000000018,0.99,AUS,LUX
50,"('AU', 'MD')",AU,MD,1.0,0.96,0.040000000000000036,0.98,AUS,MDA
51,"('AU', 'MX')",AU,MX,0.98,0.94,0.040000000000000036,0.96,AUS,MEX
52,"('AU', 'MY')",AU,MY,1.0,0.94,0.06000000000000005,0.97,AUS,MYS
53,"('AU', 'NL')",AU,NL,0.9,0.86,0.040000000000000036,0.88,AUS,NLD
54,"('AU', 'NO')",AU,NO,1.0,0.92,0.07999999999999996,0.96,AUS,NOR
55,"('AU', 'NZ')",AU,NZ,1.0,0.92,0.07999999999999996,0.96,AUS,NZL
56,"('AU', 'PE')",AU,PE,1.0,0.94,0.06000000000000005,0.97,AUS,PER
57,"('AU', 'PL')",AU,PL,1.0,0.92,0.07999999999999996,0.96,AUS,POL
58,"('AU', 'PT')",AU,PT,1.0,0.88,0.12,0.94,AUS,PRT
59,"('AU', 'RO')",AU,RO,1.0,0.88,0.12,0.94,AUS,ROU
60,"('AU', 'RS')",AU,RS,1.0,0.9,0.09999999999999998,0.95,AUS,SRB
61,"('AU', 'RU')",AU,RU,0.8200000000000001,0.98,0.15999999999999992,0.9,AUS,RUS
62,"('AU', 'SA')",AU,SA,0.94,0.94,0.0,0.94,AUS,SAU
63,"('AU', 'SC')",AU,SC,0.98,1.0,0.020000000000000018,0.99,AUS,SYC
64,"('AU', 'SE')",AU,SE,0.96,0.9,0.05999999999999994,0.9299999999999999,AUS,SWE
65,"('AU', 'SG')",AU,SG,0.98,0.96,0.020000000000000018,0.97,AUS,SGP
66,"('AU', 'SK')",AU,SK,0.98,0.9,0.07999999999999996,0.94,AUS,SVK
67,"('AU', 'TR')",AU,TR,0.96,0.9,0.05999999999999994,0.9299999999999999,AUS,TUR
68,"('AU', 'TW')",AU,TW,0.98,0.92,0.05999999999999994,0.95,AUS,TWN
69,"('AU', 'VE')",AU,VE,1.0,0.94,0.06000000000000005,0.97,AUS,VEN
70,"('AU', 'VN')",AU,VN,1.0,0.96,0.040000000000000036,0.98,AUS,VNM
71,"('AU', 'ZA')",AU,ZA,0.98,0.94,0.040000000000000036,0.96,AUS,ZAF
72,"('BE', 'AT')",BE,AT,1.0,1.0,0.0,1.0,BEL,AUT
73,"('BE', 'BR')",BE,BR,0.96,1.0,0.040000000000000036,0.98,BEL,BRA
74,"('BE', 'CR')",BE,CR,1.0,0.98,0.020000000000000018,0.99,BEL,CRI
75,"('BE', 'CZ')",BE,CZ,1.0,1.0,0.0,1.0,BEL,CZE
76,"('BE', 'DK')",BE,DK,1.0,0.98,0.020000000000000018,0.99,BEL,DNK
77,"('BE', 'DZ')",BE,DZ,1.0,0.98,0.020000000000000018,0.99,BEL,DZA
78,"('BE', 'GR')",BE,GR,1.0,0.98,0.020000000000000018,0.99,BEL,GRC
79,"('BE', 'IL')",BE,IL,1.0,0.98,0.020000000000000018,0.99,BEL,ISR
80,"('BE', 'IS')",BE,IS,1.0,1.0,0.0,1.0,BEL,ISL
81,"('BE', 'LI')",BE,LI,1.0,1.0,0.0,1.0,BEL,LIE
82,"('BE', 'PL')",BE,PL,1.0,1.0,0.0,1.0,BEL,POL
83,"('BE', 'PT')",BE,PT,1.0,0.98,0.020000000000000018,0.99,BEL,PRT
84,"('BE', 'SA')",BE,SA,0.88,0.98,0.09999999999999998,0.9299999999999999,BEL,SAU
85,"('BE', 'SC')",BE,SC,0.98,1.0,0.020000000000000018,0.99,BEL,SYC
86,"('BE', 'TR')",BE,TR,0.94,0.96,0.020000000000000018,0.95,BEL,TUR
87,"('BE', 'VE')",BE,VE,0.98,0.98,0.0,0.98,BEL,VEN
88,"('BG', 'AD')",BG,AD,1.0,1.0,0.0,1.0,BGR,AND
89,"('BG', 'AT')",BG,AT,1.0,1.0,0.0,1.0,BGR,AUT
90,"('BG', 'AU')",BG,AU,0.92,1.0,0.07999999999999996,0.96,BGR,AUS
91,"('BG', 'BE')",BG,BE,1.0,1.0,0.0,1.0,BGR,BEL
92,"('BG', 'BR')",BG,BR,0.98,1.0,0.020000000000000018,0.99,BGR,BRA
93,"('BG', 'BZ')",BG,BZ,1.0,1.0,0.0,1.0,BGR,BLZ
94,"('BG', 'CA')",BG,CA,1.0,1.0,0.0,1.0,BGR,CAN
95,"('BG', 'CL')",BG,CL,0.98,1.0,0.020000000000000018,0.99,BGR,CHL
96,"('BG', 'CN')",BG,CN,0.96,0.94,0.020000000000000018,0.95,BGR,CHN
97,"('BG', 'CR')",BG,CR,1.0,1.0,0.0,1.0,BGR,CRI
98,"('BG', 'CZ')",BG,CZ,1.0,1.0,0.0,1.0,BGR,CZE
99,"('BG', 'DK')",BG,DK,1.0,1.0,0.0,1.0,BGR,DNK
100,"('BG', 'DZ')",BG,DZ,1.0,1.0,0.0,1.0,BGR,DZA
101,"('BG', 'ES')",BG,ES,0.96,0.98,0.020000000000000018,0.97,BGR,ESP
102,"('BG', 'FI')",BG,FI,1.0,1.0,0.0,1.0,BGR,FIN
103,"('BG', 'FR')",BG,FR,1.0,0.98,0.020000000000000018,0.99,BGR,FRA
104,"('BG', 'GR')",BG,GR,1.0,1.0,0.0,1.0,BGR,GRC
105,"('BG', 'HK')",BG,HK,0.98,1.0,0.020000000000000018,0.99,BGR,HKG
106,"('BG', 'HU')",BG,HU,1.0,1.0,0.0,1.0,BGR,HUN
107,"('BG', 'ID')",BG,ID,1.0,1.0,0.0,1.0,BGR,IDN
108,"('BG', 'IL')",BG,IL,1.0,1.0,0.0,1.0,BGR,ISR
109,"('BG', 'IN')",BG,IN,0.84,1.0,0.16000000000000003,0.9199999999999999,BGR,IND
110,"('BG', 'IS')",BG,IS,1.0,1.0,0.0,1.0,BGR,ISL
111,"('BG', 'JP')",BG,JP,0.96,1.0,0.040000000000000036,0.98,BGR,JPN
112,"('BG', 'KE')",BG,KE,1.0,1.0,0.0,1.0,BGR,KEN
113,"('BG', 'LI')",BG,LI,1.0,1.0,0.0,1.0,BGR,LIE
114,"('BG', 'LT')",BG,LT,1.0,1.0,0.0,1.0,BGR,LTU
115,"('BG', 'LU')",BG,LU,1.0,1.0,0.0,1.0,BGR,LUX
116,"('BG', 'MD')",BG,MD,1.0,1.0,0.0,1.0,BGR,MDA
117,"('BG', 'MX')",BG,MX,1.0,1.0,0.0,1.0,BGR,MEX
118,"('BG', 'MY')",BG,MY,1.0,1.0,0.0,1.0,BGR,MYS
119,"('BG', 'NL')",BG,NL,0.94,1.0,0.06000000000000005,0.97,BGR,NLD
120,"('BG', 'NO')",BG,NO,1.0,1.0,0.0,1.0,BGR,NOR
121,"('BG', 'NZ')",BG,NZ,0.98,1.0,0.020000000000000018,0.99,BGR,NZL
122,"('BG', 'PE')",BG,PE,1.0,1.0,0.0,1.0,BGR,PER
123,"('BG', 'PL')",BG,PL,1.0,0.96,0.040000000000000036,0.98,BGR,POL
124,"('BG', 'PT')",BG,PT,1.0,0.98,0.020000000000000018,0.99,BGR,PRT
125,"('BG', 'RO')",BG,RO,1.0,0.98,0.020000000000000018,0.99,BGR,ROU
126,"('BG', 'RS')",BG,RS,1.0,0.98,0.020000000000000018,0.99,BGR,SRB
127,"('BG', 'RU')",BG,RU,0.88,0.98,0.09999999999999998,0.9299999999999999,BGR,RUS
128,"('BG', 'SA')",BG,SA,0.9,1.0,0.09999999999999998,0.95,BGR,SAU
129,"('BG', 'SC')",BG,SC,0.98,1.0,0.020000000000000018,0.99,BGR,SYC
130,"('BG', 'SE')",BG,SE,1.0,0.98,0.020000000000000018,0.99,BGR,SWE
131,"('BG', 'SG')",BG,SG,1.0,1.0,0.0,1.0,BGR,SGP
132,"('BG', 'SK')",BG,SK,1.0,1.0,0.0,1.0,BGR,SVK
133,"('BG', 'TR')",BG,TR,0.94,0.98,0.040000000000000036,0.96,BGR,TUR
134,"('BG', 'TW')",BG,TW,0.98,0.98,0.0,0.98,BGR,TWN
135,"('BG', 'VE')",BG,VE,0.98,1.0,0.020000000000000018,0.99,BGR,VEN
136,"('BG', 'VN')",BG,VN,1.0,1.0,0.0,1.0,BGR,VNM
137,"('BG', 'ZA')",BG,ZA,0.98,1.0,0.020000000000000018,0.99,BGR,ZAF
138,"('BR', 'AT')",BR,AT,1.0,0.98,0.020000000000000018,0.99,BRA,AUT
139,"('BR', 'CR')",BR,CR,1.0,0.96,0.040000000000000036,0.98,BRA,CRI
140,"('BR', 'GR')",BR,GR,1.0,1.0,0.0,1.0,BRA,GRC
141,"('BR', 'LI')",BR,LI,1.0,1.0,0.0,1.0,BRA,LIE
142,"('BR', 'SA')",BR,SA,0.92,0.98,0.05999999999999994,0.95,BRA,SAU
143,"('BR', 'SC')",BR,SC,0.98,1.0,0.020000000000000018,0.99,BRA,SYC
144,"('BZ', 'AD')",BZ,AD,1.0,1.0,0.0,1.0,BLZ,AND
145,"('BZ', 'AT')",BZ,AT,1.0,1.0,0.0,1.0,BLZ,AUT
146,"('BZ', 'AU')",BZ,AU,1.0,1.0,0.0,1.0,BLZ,AUS
147,"('BZ', 'BE')",BZ,BE,1.0,1.0,0.0,1.0,BLZ,BEL
148,"('BZ', 'BR')",BZ,BR,1.0,1.0,0.0,1.0,BLZ,BRA
149,"('BZ', 'CA')",BZ,CA,1.0,1.0,0.0,1.0,BLZ,CAN
150,"('BZ', 'CL')",BZ,CL,1.0,1.0,0.0,1.0,BLZ,CHL
151,"('BZ', 'CN')",BZ,CN,1.0,0.98,0.020000000000000018,0.99,BLZ,CHN
152,"('BZ', 'CR')",BZ,CR,1.0,1.0,0.0,1.0,BLZ,CRI
153,"('BZ', 'CZ')",BZ,CZ,1.0,1.0,0.0,1.0,BLZ,CZE
154,"('BZ', 'DK')",BZ,DK,1.0,1.0,0.0,1.0,BLZ,DNK
155,"('BZ', 'DZ')",BZ,DZ,1.0,1.0,0.0,1.0,BLZ,DZA
156,"('BZ', 'ES')",BZ,ES,1.0,1.0,0.0,1.0,BLZ,ESP
157,"('BZ', 'FI')",BZ,FI,1.0,1.0,0.0,1.0,BLZ,FIN
158,"('BZ', 'FR')",BZ,FR,1.0,1.0,0.0,1.0,BLZ,FRA
159,"('BZ', 'GR')",BZ,GR,1.0,1.0,0.0,1.0,BLZ,GRC
160,"('BZ', 'HK')",BZ,HK,1.0,1.0,0.0,1.0,BLZ,HKG
161,"('BZ', 'HU')",BZ,HU,1.0,1.0,0.0,1.0,BLZ,HUN
162,"('BZ', 'ID')",BZ,ID,1.0,1.0,0.0,1.0,BLZ,IDN
163,"('BZ', 'IL')",BZ,IL,1.0,1.0,0.0,1.0,BLZ,ISR
164,"('BZ', 'IN')",BZ,IN,1.0,1.0,0.0,1.0,BLZ,IND
165,"('BZ', 'IS')",BZ,IS,1.0,1.0,0.0,1.0,BLZ,ISL
166,"('BZ', 'JP')",BZ,JP,1.0,1.0,0.0,1.0,BLZ,JPN
167,"('BZ', 'KE')",BZ,KE,1.0,1.0,0.0,1.0,BLZ,KEN
168,"('BZ', 'LI')",BZ,LI,1.0,1.0,0.0,1.0,BLZ,LIE
169,"('BZ', 'LT')",BZ,LT,1.0,1.0,0.0,1.0,BLZ,LTU
170,"('BZ', 'LU')",BZ,LU,1.0,1.0,0.0,1.0,BLZ,LUX
171,"('BZ', 'MD')",BZ,MD,1.0,1.0,0.0,1.0,BLZ,MDA
172,"('BZ', 'MX')",BZ,MX,1.0,1.0,0.0,1.0,BLZ,MEX
173,"('BZ', 'MY')",BZ,MY,1.0,1.0,0.0,1.0,BLZ,MYS
174,"('BZ', 'NL')",BZ,NL,1.0,1.0,0.0,1.0,BLZ,NLD
175,"('BZ', 'NO')",BZ,NO,1.0,1.0,0.0,1.0,BLZ,NOR
176,"('BZ', 'NZ')",BZ,NZ,1.0,1.0,0.0,1.0,BLZ,NZL
177,"('BZ', 'PE')",BZ,PE,1.0,1.0,0.0,1.0,BLZ,PER
178,"('BZ', 'PL')",BZ,PL,1.0,1.0,0.0,1.0,BLZ,POL
179,"('BZ', 'PT')",BZ,PT,1.0,1.0,0.0,1.0,BLZ,PRT
180,"('BZ', 'RO')",BZ,RO,1.0,1.0,0.0,1.0,BLZ,ROU
181,"('BZ', 'RS')",BZ,RS,1.0,1.0,0.0,1.0,BLZ,SRB
182,"('BZ', 'RU')",BZ,RU,1.0,1.0,0.0,1.0,BLZ,RUS
183,"('BZ', 'SA')",BZ,SA,1.0,1.0,0.0,1.0,BLZ,SAU
184,"('BZ', 'SC')",BZ,SC,1.0,1.0,0.0,1.0,BLZ,SYC
185,"('BZ', 'SE')",BZ,SE,1.0,1.0,0.0,1.0,BLZ,SWE
186,"('BZ', 'SG')",BZ,SG,1.0,1.0,0.0,1.0,BLZ,SGP
187,"('BZ', 'SK')",BZ,SK,1.0,1.0,0.0,1.0,BLZ,SVK
188,"('BZ', 'TR')",BZ,TR,1.0,0.98,0.020000000000000018,0.99,BLZ,TUR
189,"('BZ', 'TW')",BZ,TW,1.0,1.0,0.0,1.0,BLZ,TWN
190,"('BZ', 'VE')",BZ,VE,1.0,1.0,0.0,1.0,BLZ,VEN
191,"('BZ', 'VN')",BZ,VN,1.0,1.0,0.0,1.0,BLZ,VNM
192,"('BZ', 'ZA')",BZ,ZA,1.0,1.0,0.0,1.0,BLZ,ZAF
193,"('CA', 'AT')",CA,AT,1.0,1.0,0.0,1.0,CAN,AUT
194,"('CA', 'BE')",CA,BE,0.98,1.0,0.020000000000000018,0.99,CAN,BEL
195,"('CA', 'BR')",CA,BR,0.96,1.0,0.040000000000000036,0.98,CAN,BRA
196,"('CA', 'CR')",CA,CR,1.0,1.0,0.0,1.0,CAN,CRI
197,"('CA', 'CZ')",CA,CZ,1.0,1.0,0.0,1.0,CAN,CZE
198,"('CA', 'DK')",CA,DK,1.0,1.0,0.0,1.0,CAN,DNK
199,"('CA', 'DZ')",CA,DZ,1.0,1.0,0.0,1.0,CAN,DZA
200,"('CA', 'FI')",CA,FI,0.98,1.0,0.020000000000000018,0.99,CAN,FIN
201,"('CA', 'GR')",CA,GR,1.0,1.0,0.0,1.0,CAN,GRC
202,"('CA', 'IL')",CA,IL,1.0,1.0,0.0,1.0,CAN,ISR
203,"('CA', 'IS')",CA,IS,1.0,1.0,0.0,1.0,CAN,ISL
204,"('CA', 'LI')",CA,LI,1.0,1.0,0.0,1.0,CAN,LIE
205,"('CA', 'MY')",CA,MY,1.0,1.0,0.0,1.0,CAN,MYS
206,"('CA', 'PL')",CA,PL,1.0,1.0,0.0,1.0,CAN,POL
207,"('CA', 'PT')",CA,PT,1.0,1.0,0.0,1.0,CAN,PRT
208,"('CA', 'RS')",CA,RS,1.0,1.0,0.0,1.0,CAN,SRB
209,"('CA', 'SA')",CA,SA,0.92,1.0,0.07999999999999996,0.96,CAN,SAU
210,"('CA', 'SC')",CA,SC,0.98,1.0,0.020000000000000018,0.99,CAN,SYC
211,"('CA', 'TR')",CA,TR,0.96,0.98,0.020000000000000018,0.97,CAN,TUR
212,"('CA', 'VE')",CA,VE,0.98,1.0,0.020000000000000018,0.99,CAN,VEN
213,"('CL', 'AD')",CL,AD,1.0,1.0,0.0,1.0,CHL,AND
214,"('CL', 'AT')",CL,AT,1.0,0.98,0.020000000000000018,0.99,CHL,AUT
215,"('CL', 'BE')",CL,BE,0.98,0.98,0.0,0.98,CHL,BEL
216,"('CL', 'BR')",CL,BR,1.0,0.98,0.020000000000000018,0.99,CHL,BRA
217,"('CL', 'CA')",CL,CA,1.0,0.98,0.020000000000000018,0.99,CHL,CAN
218,"('CL', 'CN')",CL,CN,0.92,0.96,0.039999999999999925,0.94,CHL,CHN
219,"('CL', 'CR')",CL,CR,1.0,0.98,0.020000000000000018,0.99,CHL,CRI
220,"('CL', 'CZ')",CL,CZ,1.0,0.98,0.020000000000000018,0.99,CHL,CZE
221,"('CL', 'DK')",CL,DK,1.0,0.98,0.020000000000000018,0.99,CHL,DNK
222,"('CL', 'DZ')",CL,DZ,1.0,0.98,0.020000000000000018,0.99,CHL,DZA
223,"('CL', 'FI')",CL,FI,0.98,0.98,0.0,0.98,CHL,FIN
224,"('CL', 'GR')",CL,GR,1.0,0.96,0.040000000000000036,0.98,CHL,GRC
225,"('CL', 'IL')",CL,IL,1.0,0.98,0.020000000000000018,0.99,CHL,ISR
226,"('CL', 'IN')",CL,IN,0.9,0.98,0.07999999999999996,0.94,CHL,IND
227,"('CL', 'IS')",CL,IS,1.0,1.0,0.0,1.0,CHL,ISL
228,"('CL', 'LI')",CL,LI,1.0,1.0,0.0,1.0,CHL,LIE
229,"('CL', 'LU')",CL,LU,0.98,1.0,0.020000000000000018,0.99,CHL,LUX
230,"('CL', 'MD')",CL,MD,1.0,0.98,0.020000000000000018,0.99,CHL,MDA
231,"('CL', 'MY')",CL,MY,1.0,0.98,0.020000000000000018,0.99,CHL,MYS
232,"('CL', 'NO')",CL,NO,1.0,0.98,0.020000000000000018,0.99,CHL,NOR
233,"('CL', 'PL')",CL,PL,1.0,0.98,0.020000000000000018,0.99,CHL,POL
234,"('CL', 'PT')",CL,PT,1.0,0.98,0.020000000000000018,0.99,CHL,PRT
235,"('CL', 'RS')",CL,RS,1.0,0.98,0.020000000000000018,0.99,CHL,SRB
236,"('CL', 'RU')",CL,RU,0.9,1.0,0.09999999999999998,0.95,CHL,RUS
237,"('CL', 'SA')",CL,SA,0.98,0.98,0.0,0.98,CHL,SAU
238,"('CL', 'SC')",CL,SC,0.98,1.0,0.020000000000000018,0.99,CHL,SYC
239,"('CL', 'SG')",CL,SG,0.98,0.98,0.0,0.98,CHL,SGP
240,"('CL', 'TR')",CL,TR,0.98,0.96,0.020000000000000018,0.97,CHL,TUR
241,"('CL', 'TW')",CL,TW,0.98,0.94,0.040000000000000036,0.96,CHL,TWN
242,"('CL', 'VE')",CL,VE,1.0,0.98,0.020000000000000018,0.99,CHL,VEN
243,"('CN', 'AD')",CN,AD,1.0,1.0,0.0,1.0,CHN,AND
244,"('CN', 'AT')",CN,AT,0.96,0.94,0.020000000000000018,0.95,CHN,AUT
245,"('CN', 'BE')",CN,BE,0.98,0.92,0.05999999999999994,0.95,CHN,BEL
246,"('CN', 'BR')",CN,BR,0.9,0.94,0.039999999999999925,0.9199999999999999,CHN,BRA
247,"('CN', 'CA')",CN,CA,0.92,0.9,0.020000000000000018,0.91,CHN,CAN
248,"('CN', 'CR')",CN,CR,0.96,0.92,0.039999999999999925,0.94,CHN,CRI
249,"('CN', 'CZ')",CN,CZ,0.96,0.96,0.0,0.96,CHN,CZE
250,"('CN', 'DK')",CN,DK,0.96,0.94,0.020000000000000018,0.95,CHN,DNK
251,"('CN', 'DZ')",CN,DZ,0.98,0.94,0.040000000000000036,0.96,CHN,DZA
252,"('CN', 'FI')",CN,FI,0.98,0.94,0.040000000000000036,0.96,CHN,FIN
253,"('CN', 'GR')",CN,GR,1.0,0.94,0.06000000000000005,0.97,CHN,GRC
254,"('CN', 'IL')",CN,IL,0.96,0.92,0.039999999999999925,0.94,CHN,ISR
255,"('CN', 'IN')",CN,IN,0.76,0.92,0.16000000000000003,0.8400000000000001,CHN,IND
256,"('CN', 'IS')",CN,IS,0.98,1.0,0.020000000000000018,0.99,CHN,ISL
257,"('CN', 'LI')",CN,LI,0.98,1.0,0.020000000000000018,0.99,CHN,LIE
258,"('CN', 'LU')",CN,LU,0.96,1.0,0.040000000000000036,0.98,CHN,LUX
259,"('CN', 'MD')",CN,MD,0.92,0.98,0.05999999999999994,0.95,CHN,MDA
260,"('CN', 'MY')",CN,MY,0.96,0.92,0.039999999999999925,0.94,CHN,MYS
261,"('CN', 'NO')",CN,NO,0.96,0.94,0.020000000000000018,0.95,CHN,NOR
262,"('CN', 'PL')",CN,PL,0.94,0.94,0.0,0.94,CHN,POL
263,"('CN', 'PT')",CN,PT,0.98,0.92,0.05999999999999994,0.95,CHN,PRT
264,"('CN', 'RS')",CN,RS,0.98,0.92,0.05999999999999994,0.95,CHN,SRB
265,"('CN', 'RU')",CN,RU,0.9,1.0,0.09999999999999998,0.95,CHN,RUS
266,"('CN', 'SA')",CN,SA,1.0,0.92,0.07999999999999996,0.96,CHN,SAU
267,"('CN', 'SC')",CN,SC,0.98,1.0,0.020000000000000018,0.99,CHN,SYC
268,"('CN', 'SG')",CN,SG,0.98,0.92,0.05999999999999994,0.95,CHN,SGP
269,"('CN', 'TR')",CN,TR,0.98,0.92,0.05999999999999994,0.95,CHN,TUR
270,"('CN', 'TW')",CN,TW,0.94,0.92,0.019999999999999907,0.9299999999999999,CHN,TWN
271,"('CN', 'VE')",CN,VE,1.0,0.94,0.06000000000000005,0.97,CHN,VEN
272,"('CO', 'AD')",CO,AD,1.0,1.0,0.0,1.0,COL,AND
273,"('CO', 'AT')",CO,AT,1.0,1.0,0.0,1.0,COL,AUT
274,"('CO', 'AU')",CO,AU,0.92,0.98,0.05999999999999994,0.95,COL,AUS
275,"('CO', 'BE')",CO,BE,0.98,0.98,0.0,0.98,COL,BEL
276,"('CO', 'BG')",CO,BG,1.0,1.0,0.0,1.0,COL,BGR
277,"('CO', 'BR')",CO,BR,0.98,0.98,0.0,0.98,COL,BRA
278,"('CO', 'BZ')",CO,BZ,1.0,1.0,0.0,1.0,COL,BLZ
279,"('CO', 'CA')",CO,CA,1.0,0.98,0.020000000000000018,0.99,COL,CAN
280,"('CO', 'CL')",CO,CL,0.98,0.98,0.0,0.98,COL,CHL
281,"('CO', 'CN')",CO,CN,0.92,0.94,0.019999999999999907,0.9299999999999999,COL,CHN
282,"('CO', 'CR')",CO,CR,1.0,0.98,0.020000000000000018,0.99,COL,CRI
283,"('CO', 'CZ')",CO,CZ,1.0,1.0,0.0,1.0,COL,CZE
284,"('CO', 'DK')",CO,DK,1.0,1.0,0.0,1.0,COL,DNK
285,"('CO', 'DZ')",CO,DZ,1.0,1.0,0.0,1.0,COL,DZA
286,"('CO', 'ES')",CO,ES,0.96,1.0,0.040000000000000036,0.98,COL,ESP
287,"('CO', 'FI')",CO,FI,0.98,0.98,0.0,0.98,COL,FIN
288,"('CO', 'FR')",CO,FR,0.98,1.0,0.020000000000000018,0.99,COL,FRA
289,"('CO', 'GR')",CO,GR,1.0,1.0,0.0,1.0,COL,GRC
290,"('CO', 'HK')",CO,HK,0.96,0.96,0.0,0.96,COL,HKG
291,"('CO', 'HU')",CO,HU,0.98,1.0,0.020000000000000018,0.99,COL,HUN
292,"('CO', 'ID')",CO,ID,1.0,0.98,0.020000000000000018,0.99,COL,IDN
293,"('CO', 'IL')",CO,IL,1.0,0.98,0.020000000000000018,0.99,COL,ISR
294,"('CO', 'IN')",CO,IN,0.8200000000000001,0.98,0.15999999999999992,0.9,COL,IND
295,"('CO', 'IS')",CO,IS,1.0,1.0,0.0,1.0,COL,ISL
296,"('CO', 'JP')",CO,JP,0.92,0.98,0.05999999999999994,0.95,COL,JPN
297,"('CO', 'KE')",CO,KE,1.0,0.98,0.020000000000000018,0.99,COL,KEN
298,"('CO', 'KR')",CO,KR,0.56,0.98,0.41999999999999993,0.77,COL,KOR
299,"('CO', 'LI')",CO,LI,1.0,1.0,0.0,1.0,COL,LIE
300,"('CO', 'LT')",CO,LT,0.96,1.0,0.040000000000000036,0.98,COL,LTU
301,"('CO', 'LU')",CO,LU,0.98,1.0,0.020000000000000018,0.99,COL,LUX
302,"('CO', 'MD')",CO,MD,0.98,1.0,0.020000000000000018,0.99,COL,MDA
303,"('CO', 'MX')",CO,MX,0.98,0.98,0.0,0.98,COL,MEX
304,"('CO', 'MY')",CO,MY,1.0,0.98,0.020000000000000018,0.99,COL,MYS
305,"('CO', 'NL')",CO,NL,0.94,0.98,0.040000000000000036,0.96,COL,NLD
306,"('CO', 'NO')",CO,NO,1.0,0.98,0.020000000000000018,0.99,COL,NOR
307,"('CO', 'NZ')",CO,NZ,1.0,0.98,0.020000000000000018,0.99,COL,NZL
308,"('CO', 'PE')",CO,PE,1.0,0.98,0.020000000000000018,0.99,COL,PER
309,"('CO', 'PL')",CO,PL,1.0,0.98,0.020000000000000018,0.99,COL,POL
310,"('CO', 'PT')",CO,PT,1.0,0.98,0.020000000000000018,0.99,COL,PRT
311,"('CO', 'RO')",CO,RO,1.0,1.0,0.0,1.0,COL,ROU
312,"('CO', 'RS')",CO,RS,1.0,1.0,0.0,1.0,COL,SRB
313,"('CO', 'RU')",CO,RU,0.84,1.0,0.16000000000000003,0.9199999999999999,COL,RUS
314,"('CO', 'SA')",CO,SA,0.98,0.98,0.0,0.98,COL,SAU
315,"('CO', 'SC')",CO,SC,0.98,1.0,0.020000000000000018,0.99,COL,SYC
316,"('CO', 'SE')",CO,SE,0.96,1.0,0.040000000000000036,0.98,COL,SWE
317,"('CO', 'SG')",CO,SG,0.98,0.98,0.0,0.98,COL,SGP
318,"('CO', 'SK')",CO,SK,0.98,1.0,0.020000000000000018,0.99,COL,SVK
319,"('CO', 'TR')",CO,TR,0.94,0.96,0.020000000000000018,0.95,COL,TUR
320,"('CO', 'TW')",CO,TW,0.98,0.96,0.020000000000000018,0.97,COL,TWN
321,"('CO', 'US')",CO,US,0.7,0.96,0.26,0.83,COL,USA
322,"('CO', 'VE')",CO,VE,0.98,1.0,0.020000000000000018,0.99,COL,VEN
323,"('CO', 'VN')",CO,VN,1.0,0.98,0.020000000000000018,0.99,COL,VNM
324,"('CO', 'ZA')",CO,ZA,0.98,0.98,0.0,0.98,COL,ZAF
325,"('CR', 'LI')",CR,LI,1.0,1.0,0.0,1.0,CRI,LIE
326,"('CZ', 'AT')",CZ,AT,1.0,1.0,0.0,1.0,CZE,AUT
327,"('CZ', 'BR')",CZ,BR,0.98,1.0,0.020000000000000018,0.99,CZE,BRA
328,"('CZ', 'CR')",CZ,CR,1.0,1.0,0.0,1.0,CZE,CRI
329,"('CZ', 'DZ')",CZ,DZ,1.0,1.0,0.0,1.0,CZE,DZA
330,"('CZ', 'GR')",CZ,GR,1.0,1.0,0.0,1.0,CZE,GRC
331,"('CZ', 'IL')",CZ,IL,1.0,1.0,0.0,1.0,CZE,ISR
332,"('CZ', 'LI')",CZ,LI,1.0,1.0,0.0,1.0,CZE,LIE
333,"('CZ', 'PL')",CZ,PL,1.0,1.0,0.0,1.0,CZE,POL
334,"('CZ', 'SA')",CZ,SA,0.88,1.0,0.12,0.94,CZE,SAU
335,"('CZ', 'SC')",CZ,SC,0.98,1.0,0.020000000000000018,0.99,CZE,SYC
336,"('CZ', 'TR')",CZ,TR,0.94,0.98,0.040000000000000036,0.96,CZE,TUR
337,"('DK', 'AT')",DK,AT,1.0,1.0,0.0,1.0,DNK,AUT
338,"('DK', 'BR')",DK,BR,1.0,1.0,0.0,1.0,DNK,BRA
339,"('DK', 'CR')",DK,CR,1.0,1.0,0.0,1.0,DNK,CRI
340,"('DK', 'CZ')",DK,CZ,1.0,1.0,0.0,1.0,DNK,CZE
341,"('DK', 'DZ')",DK,DZ,1.0,1.0,0.0,1.0,DNK,DZA
342,"('DK', 'GR')",DK,GR,1.0,1.0,0.0,1.0,DNK,GRC
343,"('DK', 'IL')",DK,IL,1.0,1.0,0.0,1.0,DNK,ISR
344,"('DK', 'LI')",DK,LI,1.0,1.0,0.0,1.0,DNK,LIE
345,"('DK', 'PL')",DK,PL,1.0,1.0,0.0,1.0,DNK,POL
346,"('DK', 'SA')",DK,SA,0.92,1.0,0.07999999999999996,0.96,DNK,SAU
347,"('DK', 'SC')",DK,SC,1.0,1.0,0.0,1.0,DNK,SYC
348,"('DK', 'TR')",DK,TR,0.96,0.98,0.020000000000000018,0.97,DNK,TUR
349,"('DZ', 'AT')",DZ,AT,1.0,1.0,0.0,1.0,DZA,AUT
350,"('DZ', 'BR')",DZ,BR,0.98,1.0,0.020000000000000018,0.99,DZA,BRA
351,"('DZ', 'CR')",DZ,CR,1.0,1.0,0.0,1.0,DZA,CRI
352,"('DZ', 'GR')",DZ,GR,1.0,1.0,0.0,1.0,DZA,GRC
353,"('DZ', 'LI')",DZ,LI,1.0,1.0,0.0,1.0,DZA,LIE
354,"('DZ', 'SA')",DZ,SA,0.94,1.0,0.06000000000000005,0.97,DZA,SAU
355,"('DZ', 'SC')",DZ,SC,0.98,1.0,0.020000000000000018,0.99,DZA,SYC
356,"('ES', 'AD')",ES,AD,1.0,1.0,0.0,1.0,ESP,AND
357,"('ES', 'AT')",ES,AT,1.0,0.96,0.040000000000000036,0.98,ESP,AUT
358,"('ES', 'BE')",ES,BE,1.0,0.96,0.040000000000000036,0.98,ESP,BEL
359,"('ES', 'BR')",ES,BR,0.98,0.96,0.020000000000000018,0.97,ESP,BRA
360,"('ES', 'CA')",ES,CA,1.0,0.96,0.040000000000000036,0.98,ESP,CAN
361,"('ES', 'CL')",ES,CL,0.98,0.96,0.020000000000000018,0.97,ESP,CHL
362,"('ES', 'CN')",ES,CN,0.94,0.94,0.0,0.94,ESP,CHN
363,"('ES', 'CR')",ES,CR,1.0,0.96,0.040000000000000036,0.98,ESP,CRI
364,"('ES', 'CZ')",ES,CZ,1.0,0.98,0.020000000000000018,0.99,ESP,CZE
365,"('ES', 'DK')",ES,DK,1.0,0.98,0.020000000000000018,0.99,ESP,DNK
366,"('ES', 'DZ')",ES,DZ,1.0,0.98,0.020000000000000018,0.99,ESP,DZA
367,"('ES', 'FI')",ES,FI,1.0,0.96,0.040000000000000036,0.98,ESP,FIN
368,"('ES', 'FR')",ES,FR,1.0,0.96,0.040000000000000036,0.98,ESP,FRA
369,"('ES', 'GR')",ES,GR,1.0,0.98,0.020000000000000018,0.99,ESP,GRC
370,"('ES', 'HU')",ES,HU,0.98,0.98,0.0,0.98,ESP,HUN
371,"('ES', 'ID')",ES,ID,1.0,0.98,0.020000000000000018,0.99,ESP,IDN
372,"('ES', 'IL')",ES,IL,1.0,0.96,0.040000000000000036,0.98,ESP,ISR
373,"('ES', 'IN')",ES,IN,0.84,0.96,0.12,0.8999999999999999,ESP,IND
374,"('ES', 'IS')",ES,IS,1.0,1.0,0.0,1.0,ESP,ISL
375,"('ES', 'LI')",ES,LI,1.0,1.0,0.0,1.0,ESP,LIE
376,"('ES', 'LU')",ES,LU,0.96,1.0,0.040000000000000036,0.98,ESP,LUX
377,"('ES', 'MD')",ES,MD,1.0,0.98,0.020000000000000018,0.99,ESP,MDA
378,"('ES', 'MX')",ES,MX,0.98,0.96,0.020000000000000018,0.97,ESP,MEX
379,"('ES', 'MY')",ES,MY,1.0,0.96,0.040000000000000036,0.98,ESP,MYS
380,"('ES', 'NO')",ES,NO,1.0,0.96,0.040000000000000036,0.98,ESP,NOR
381,"('ES', 'NZ')",ES,NZ,0.98,0.96,0.020000000000000018,0.97,ESP,NZL
382,"('ES', 'PE')",ES,PE,1.0,0.96,0.040000000000000036,0.98,ESP,PER
383,"('ES', 'PL')",ES,PL,0.98,0.96,0.020000000000000018,0.97,ESP,POL
384,"('ES', 'PT')",ES,PT,1.0,0.94,0.06000000000000005,0.97,ESP,PRT
385,"('ES', 'RS')",ES,RS,1.0,0.96,0.040000000000000036,0.98,ESP,SRB
386,"('ES', 'RU')",ES,RU,0.86,0.98,0.12,0.9199999999999999,ESP,RUS
387,"('ES', 'SA')",ES,SA,0.88,0.96,0.07999999999999996,0.9199999999999999,ESP,SAU
388,"('ES', 'SC')",ES,SC,0.98,1.0,0.020000000000000018,0.99,ESP,SYC
389,"('ES', 'SE')",ES,SE,1.0,0.96,0.040000000000000036,0.98,ESP,SWE
390,"('ES', 'SG')",ES,SG,1.0,0.96,0.040000000000000036,0.98,ESP,SGP
391,"('ES', 'SK')",ES,SK,0.98,0.96,0.020000000000000018,0.97,ESP,SVK
392,"('ES', 'TR')",ES,TR,0.94,0.96,0.020000000000000018,0.95,ESP,TUR
393,"('ES', 'TW')",ES,TW,1.0,0.96,0.040000000000000036,0.98,ESP,TWN
394,"('ES', 'VE')",ES,VE,1.0,0.98,0.020000000000000018,0.99,ESP,VEN
395,"('ES', 'VN')",ES,VN,1.0,0.96,0.040000000000000036,0.98,ESP,VNM
396,"('ES', 'ZA')",ES,ZA,0.98,0.96,0.020000000000000018,0.97,ESP,ZAF
397,"('FI', 'AT')",FI,AT,1.0,1.0,0.0,1.0,FIN,AUT
398,"('FI', 'BE')",FI,BE,1.0,1.0,0.0,1.0,FIN,BEL
399,"('FI', 'BR')",FI,BR,1.0,1.0,0.0,1.0,FIN,BRA
400,"('FI', 'CR')",FI,CR,1.0,0.98,0.020000000000000018,0.99,FIN,CRI
401,"('FI', 'CZ')",FI,CZ,1.0,1.0,0.0,1.0,FIN,CZE
402,"('FI', 'DK')",FI,DK,1.0,0.98,0.020000000000000018,0.99,FIN,DNK
403,"('FI', 'DZ')",FI,DZ,1.0,0.98,0.020000000000000018,0.99,FIN,DZA
404,"('FI', 'GR')",FI,GR,1.0,0.98,0.020000000000000018,0.99,FIN,GRC
405,"('FI', 'IL')",FI,IL,1.0,0.98,0.020000000000000018,0.99,FIN,ISR
406,"('FI', 'IS')",FI,IS,0.98,1.0,0.020000000000000018,0.99,FIN,ISL
407,"('FI', 'LI')",FI,LI,1.0,1.0,0.0,1.0,FIN,LIE
408,"('FI', 'MY')",FI,MY,1.0,0.98,0.020000000000000018,0.99,FIN,MYS
409,"('FI', 'PL')",FI,PL,1.0,1.0,0.0,1.0,FIN,POL
410,"('FI', 'PT')",FI,PT,1.0,0.98,0.020000000000000018,0.99,FIN,PRT
411,"('FI', 'SA')",FI,SA,0.9,0.98,0.07999999999999996,0.94,FIN,SAU
412,"('FI', 'SC')",FI,SC,1.0,1.0,0.0,1.0,FIN,SYC
413,"('FI', 'TR')",FI,TR,0.96,0.96,0.0,0.96,FIN,TUR
414,"('FI', 'VE')",FI,VE,0.98,0.98,0.0,0.98,FIN,VEN
415,"('FR', 'AD')",FR,AD,1.0,1.0,0.0,1.0,FRA,AND
416,"('FR', 'AT')",FR,AT,1.0,1.0,0.0,1.0,FRA,AUT
417,"('FR', 'BE')",FR,BE,1.0,0.98,0.020000000000000018,0.99,FRA,BEL
418,"('FR', 'BR')",FR,BR,0.94,0.98,0.040000000000000036,0.96,FRA,BRA
419,"('FR', 'CA')",FR,CA,1.0,0.98,0.020000000000000018,0.99,FRA,CAN
420,"('FR', 'CL')",FR,CL,0.98,0.98,0.0,0.98,FRA,CHL
421,"('FR', 'CN')",FR,CN,0.94,0.9,0.039999999999999925,0.9199999999999999,FRA,CHN
422,"('FR', 'CR')",FR,CR,1.0,0.98,0.020000000000000018,0.99,FRA,CRI
423,"('FR', 'CZ')",FR,CZ,1.0,1.0,0.0,1.0,FRA,CZE
424,"('FR', 'DK')",FR,DK,1.0,1.0,0.0,1.0,FRA,DNK
425,"('FR', 'DZ')",FR,DZ,1.0,1.0,0.0,1.0,FRA,DZA
426,"('FR', 'FI')",FR,FI,1.0,0.96,0.040000000000000036,0.98,FRA,FIN
427,"('FR', 'GR')",FR,GR,1.0,1.0,0.0,1.0,FRA,GRC
428,"('FR', 'HU')",FR,HU,0.98,1.0,0.020000000000000018,0.99,FRA,HUN
429,"('FR', 'ID')",FR,ID,1.0,1.0,0.0,1.0,FRA,IDN
430,"('FR', 'IL')",FR,IL,1.0,0.98,0.020000000000000018,0.99,FRA,ISR
431,"('FR', 'IN')",FR,IN,0.8,0.96,0.15999999999999992,0.88,FRA,IND
432,"('FR', 'IS')",FR,IS,1.0,1.0,0.0,1.0,FRA,ISL
433,"('FR', 'LI')",FR,LI,1.0,1.0,0.0,1.0,FRA,LIE
434,"('FR', 'LU')",FR,LU,0.98,1.0,0.020000000000000018,0.99,FRA,LUX
435,"('FR', 'MD')",FR,MD,1.0,1.0,0.0,1.0,FRA,MDA
436,"('FR', 'MY')",FR,MY,1.0,0.96,0.040000000000000036,0.98,FRA,MYS
437,"('FR', 'NO')",FR,NO,1.0,0.98,0.020000000000000018,0.99,FRA,NOR
438,"('FR', 'PL')",FR,PL,1.0,1.0,0.0,1.0,FRA,POL
439,"('FR', 'PT')",FR,PT,1.0,0.98,0.020000000000000018,0.99,FRA,PRT
440,"('FR', 'RS')",FR,RS,1.0,1.0,0.0,1.0,FRA,SRB
441,"('FR', 'RU')",FR,RU,0.86,1.0,0.14,0.9299999999999999,FRA,RUS
442,"('FR', 'SA')",FR,SA,0.86,0.98,0.12,0.9199999999999999,FRA,SAU
443,"('FR', 'SC')",FR,SC,0.98,1.0,0.020000000000000018,0.99,FRA,SYC
444,"('FR', 'SG')",FR,SG,1.0,0.96,0.040000000000000036,0.98,FRA,SGP
445,"('FR', 'SK')",FR,SK,0.98,1.0,0.020000000000000018,0.99,FRA,SVK
446,"('FR', 'TR')",FR,TR,0.94,0.98,0.040000000000000036,0.96,FRA,TUR
447,"('FR', 'TW')",FR,TW,0.98,0.94,0.040000000000000036,0.96,FRA,TWN
448,"('FR', 'VE')",FR,VE,0.98,0.98,0.0,0.98,FRA,VEN
449,"('FR', 'ZA')",FR,ZA,0.98,0.98,0.0,0.98,FRA,ZAF
450,"('GR', 'CR')",GR,CR,1.0,1.0,0.0,1.0,GRC,CRI
451,"('GR', 'LI')",GR,LI,1.0,1.0,0.0,1.0,GRC,LIE
452,"('HK', 'AD')",HK,AD,1.0,1.0,0.0,1.0,HKG,AND
453,"('HK', 'AT')",HK,AT,0.98,0.96,0.020000000000000018,0.97,HKG,AUT
454,"('HK', 'BE')",HK,BE,0.98,0.94,0.040000000000000036,0.96,HKG,BEL
455,"('HK', 'BR')",HK,BR,0.96,0.96,0.0,0.96,HKG,BRA
456,"('HK', 'CA')",HK,CA,1.0,0.92,0.07999999999999996,0.96,HKG,CAN
457,"('HK', 'CL')",HK,CL,0.98,0.96,0.020000000000000018,0.97,HKG,CHL
458,"('HK', 'CN')",HK,CN,0.92,0.9,0.020000000000000018,0.91,HKG,CHN
459,"('HK', 'CR')",HK,CR,1.0,0.94,0.06000000000000005,0.97,HKG,CRI
460,"('HK', 'CZ')",HK,CZ,1.0,0.96,0.040000000000000036,0.98,HKG,CZE
461,"('HK', 'DK')",HK,DK,1.0,0.94,0.06000000000000005,0.97,HKG,DNK
462,"('HK', 'DZ')",HK,DZ,1.0,0.94,0.06000000000000005,0.97,HKG,DZA
463,"('HK', 'ES')",HK,ES,0.96,0.96,0.0,0.96,HKG,ESP
464,"('HK', 'FI')",HK,FI,0.98,0.96,0.020000000000000018,0.97,HKG,FIN
465,"('HK', 'FR')",HK,FR,0.96,0.94,0.020000000000000018,0.95,HKG,FRA
466,"('HK', 'GR')",HK,GR,1.0,0.96,0.040000000000000036,0.98,HKG,GRC
467,"('HK', 'HU')",HK,HU,0.98,0.98,0.0,0.98,HKG,HUN
468,"('HK', 'ID')",HK,ID,1.0,1.0,0.0,1.0,HKG,IDN
469,"('HK', 'IL')",HK,IL,1.0,0.96,0.040000000000000036,0.98,HKG,ISR
470,"('HK', 'IN')",HK,IN,0.76,0.94,0.17999999999999994,0.85,HKG,IND
471,"('HK', 'IS')",HK,IS,1.0,1.0,0.0,1.0,HKG,ISL
472,"('HK', 'KE')",HK,KE,1.0,0.96,0.040000000000000036,0.98,HKG,KEN
473,"('HK', 'LI')",HK,LI,1.0,1.0,0.0,1.0,HKG,LIE
474,"('HK', 'LT')",HK,LT,0.96,1.0,0.040000000000000036,0.98,HKG,LTU
475,"('HK', 'LU')",HK,LU,0.96,1.0,0.040000000000000036,0.98,HKG,LUX
476,"('HK', 'MD')",HK,MD,1.0,0.98,0.020000000000000018,0.99,HKG,MDA
477,"('HK', 'MX')",HK,MX,0.98,0.96,0.020000000000000018,0.97,HKG,MEX
478,"('HK', 'MY')",HK,MY,1.0,0.96,0.040000000000000036,0.98,HKG,MYS
479,"('HK', 'NO')",HK,NO,1.0,0.96,0.040000000000000036,0.98,HKG,NOR
480,"('HK', 'NZ')",HK,NZ,0.96,0.94,0.020000000000000018,0.95,HKG,NZL
481,"('HK', 'PE')",HK,PE,1.0,0.96,0.040000000000000036,0.98,HKG,PER
482,"('HK', 'PL')",HK,PL,0.98,0.94,0.040000000000000036,0.96,HKG,POL
483,"('HK', 'PT')",HK,PT,1.0,0.94,0.06000000000000005,0.97,HKG,PRT
484,"('HK', 'RO')",HK,RO,0.98,0.96,0.020000000000000018,0.97,HKG,ROU
485,"('HK', 'RS')",HK,RS,1.0,0.94,0.06000000000000005,0.97,HKG,SRB
486,"('HK', 'RU')",HK,RU,0.84,1.0,0.16000000000000003,0.9199999999999999,HKG,RUS
487,"('HK', 'SA')",HK,SA,0.98,0.96,0.020000000000000018,0.97,HKG,SAU
488,"('HK', 'SC')",HK,SC,0.98,1.0,0.020000000000000018,0.99,HKG,SYC
489,"('HK', 'SE')",HK,SE,0.94,0.92,0.019999999999999907,0.9299999999999999,HKG,SWE
490,"('HK', 'SG')",HK,SG,0.96,0.94,0.020000000000000018,0.95,HKG,SGP
491,"('HK', 'SK')",HK,SK,0.96,0.94,0.020000000000000018,0.95,HKG,SVK
492,"('HK', 'TR')",HK,TR,0.98,0.92,0.05999999999999994,0.95,HKG,TUR
493,"('HK', 'TW')",HK,TW,0.98,0.92,0.05999999999999994,0.95,HKG,TWN
494,"('HK', 'VE')",HK,VE,1.0,0.96,0.040000000000000036,0.98,HKG,VEN
495,"('HK', 'VN')",HK,VN,1.0,0.98,0.020000000000000018,0.99,HKG,VNM
496,"('HK', 'ZA')",HK,ZA,0.98,0.92,0.05999999999999994,0.95,HKG,ZAF
497,"('HU', 'AD')",HU,AD,1.0,1.0,0.0,1.0,HUN,AND
498,"('HU', 'AT')",HU,AT,1.0,0.98,0.020000000000000018,0.99,HUN,AUT
499,"('HU', 'BE')",HU,BE,1.0,0.98,0.020000000000000018,0.99,HUN,BEL
500,"('HU', 'BR')",HU,BR,0.98,0.98,0.0,0.98,HUN,BRA
501,"('HU', 'CA')",HU,CA,1.0,0.98,0.020000000000000018,0.99,HUN,CAN
502,"('HU', 'CL')",HU,CL,0.98,0.98,0.0,0.98,HUN,CHL
503,"('HU', 'CN')",HU,CN,0.94,0.96,0.020000000000000018,0.95,HUN,CHN
504,"('HU', 'CR')",HU,CR,1.0,0.98,0.020000000000000018,0.99,HUN,CRI
505,"('HU', 'CZ')",HU,CZ,1.0,1.0,0.0,1.0,HUN,CZE
506,"('HU', 'DK')",HU,DK,1.0,0.98,0.020000000000000018,0.99,HUN,DNK
507,"('HU', 'DZ')",HU,DZ,1.0,0.98,0.020000000000000018,0.99,HUN,DZA
508,"('HU', 'FI')",HU,FI,1.0,0.98,0.020000000000000018,0.99,HUN,FIN
509,"('HU', 'GR')",HU,GR,1.0,0.98,0.020000000000000018,0.99,HUN,GRC
510,"('HU', 'IL')",HU,IL,1.0,0.98,0.020000000000000018,0.99,HUN,ISR
511,"('HU', 'IN')",HU,IN,0.9,0.98,0.07999999999999996,0.94,HUN,IND
512,"('HU', 'IS')",HU,IS,1.0,1.0,0.0,1.0,HUN,ISL
513,"('HU', 'LI')",HU,LI,1.0,1.0,0.0,1.0,HUN,LIE
514,"('HU', 'LU')",HU,LU,1.0,1.0,0.0,1.0,HUN,LUX
515,"('HU', 'MD')",HU,MD,1.0,1.0,0.0,1.0,HUN,MDA
516,"('HU', 'MY')",HU,MY,1.0,0.98,0.020000000000000018,0.99,HUN,MYS
517,"('HU', 'NO')",HU,NO,1.0,0.98,0.020000000000000018,0.99,HUN,NOR
518,"('HU', 'PL')",HU,PL,1.0,0.98,0.020000000000000018,0.99,HUN,POL
519,"('HU', 'PT')",HU,PT,1.0,0.98,0.020000000000000018,0.99,HUN,PRT
520,"('HU', 'RS')",HU,RS,1.0,0.98,0.020000000000000018,0.99,HUN,SRB
521,"('HU', 'RU')",HU,RU,0.88,1.0,0.12,0.94,HUN,RUS
522,"('HU', 'SA')",HU,SA,0.92,0.98,0.05999999999999994,0.95,HUN,SAU
523,"('HU', 'SC')",HU,SC,0.98,1.0,0.020000000000000018,0.99,HUN,SYC
524,"('HU', 'SG')",HU,SG,1.0,0.98,0.020000000000000018,0.99,HUN,SGP
525,"('HU', 'SK')",HU,SK,0.98,0.98,0.0,0.98,HUN,SVK
526,"('HU', 'TR')",HU,TR,0.94,0.96,0.020000000000000018,0.95,HUN,TUR
527,"('HU', 'TW')",HU,TW,1.0,0.96,0.040000000000000036,0.98,HUN,TWN
528,"('HU', 'VE')",HU,VE,0.98,0.98,0.0,0.98,HUN,VEN
529,"('ID', 'AD')",ID,AD,1.0,1.0,0.0,1.0,IDN,AND
530,"('ID', 'AT')",ID,AT,1.0,1.0,0.0,1.0,IDN,AUT
531,"('ID', 'BE')",ID,BE,1.0,1.0,0.0,1.0,IDN,BEL
532,"('ID', 'BR')",ID,BR,1.0,1.0,0.0,1.0,IDN,BRA
533,"('ID', 'CA')",ID,CA,1.0,1.0,0.0,1.0,IDN,CAN
534,"('ID', 'CL')",ID,CL,0.96,1.0,0.040000000000000036,0.98,IDN,CHL
535,"('ID', 'CN')",ID,CN,0.98,0.94,0.040000000000000036,0.96,IDN,CHN
536,"('ID', 'CR')",ID,CR,1.0,1.0,0.0,1.0,IDN,CRI
537,"('ID', 'CZ')",ID,CZ,1.0,1.0,0.0,1.0,IDN,CZE
538,"('ID', 'DK')",ID,DK,1.0,1.0,0.0,1.0,IDN,DNK
539,"('ID', 'DZ')",ID,DZ,1.0,1.0,0.0,1.0,IDN,DZA
540,"('ID', 'FI')",ID,FI,1.0,1.0,0.0,1.0,IDN,FIN
541,"('ID', 'GR')",ID,GR,1.0,1.0,0.0,1.0,IDN,GRC
542,"('ID', 'HU')",ID,HU,0.98,1.0,0.020000000000000018,0.99,IDN,HUN
543,"('ID', 'IL')",ID,IL,1.0,1.0,0.0,1.0,IDN,ISR
544,"('ID', 'IN')",ID,IN,0.84,1.0,0.16000000000000003,0.9199999999999999,IDN,IND
545,"('ID', 'IS')",ID,IS,1.0,1.0,0.0,1.0,IDN,ISL
546,"('ID', 'LI')",ID,LI,1.0,1.0,0.0,1.0,IDN,LIE
547,"('ID', 'LU')",ID,LU,1.0,1.0,0.0,1.0,IDN,LUX
548,"('ID', 'MD')",ID,MD,0.98,1.0,0.020000000000000018,0.99,IDN,MDA
549,"('ID', 'MY')",ID,MY,1.0,1.0,0.0,1.0,IDN,MYS
550,"('ID', 'NO')",ID,NO,1.0,1.0,0.0,1.0,IDN,NOR
551,"('ID', 'PL')",ID,PL,1.0,0.98,0.020000000000000018,0.99,IDN,POL
552,"('ID', 'PT')",ID,PT,1.0,1.0,0.0,1.0,IDN,PRT
553,"('ID', 'RS')",ID,RS,1.0,1.0,0.0,1.0,IDN,SRB
554,"('ID', 'RU')",ID,RU,0.9,1.0,0.09999999999999998,0.95,IDN,RUS
555,"('ID', 'SA')",ID,SA,1.0,1.0,0.0,1.0,IDN,SAU
556,"('ID', 'SC')",ID,SC,0.98,1.0,0.020000000000000018,0.99,IDN,SYC
557,"('ID', 'SG')",ID,SG,1.0,1.0,0.0,1.0,IDN,SGP
558,"('ID', 'SK')",ID,SK,1.0,1.0,0.0,1.0,IDN,SVK
559,"('ID', 'TR')",ID,TR,0.96,1.0,0.040000000000000036,0.98,IDN,TUR
560,"('ID', 'TW')",ID,TW,1.0,1.0,0.0,1.0,IDN,TWN
561,"('ID', 'VE')",ID,VE,1.0,1.0,0.0,1.0,IDN,VEN
562,"('ID', 'ZA')",ID,ZA,0.96,1.0,0.040000000000000036,0.98,IDN,ZAF
563,"('IL', 'AT')",IL,AT,1.0,1.0,0.0,1.0,ISR,AUT
564,"('IL', 'BR')",IL,BR,1.0,1.0,0.0,1.0,ISR,BRA
565,"('IL', 'CR')",IL,CR,1.0,1.0,0.0,1.0,ISR,CRI
566,"('IL', 'DZ')",IL,DZ,1.0,1.0,0.0,1.0,ISR,DZA
567,"('IL', 'GR')",IL,GR,1.0,1.0,0.0,1.0,ISR,GRC
568,"('IL', 'LI')",IL,LI,1.0,1.0,0.0,1.0,ISR,LIE
569,"('IL', 'PL')",IL,PL,1.0,0.98,0.020000000000000018,0.99,ISR,POL
570,"('IL', 'SA')",IL,SA,0.98,1.0,0.020000000000000018,0.99,ISR,SAU
571,"('IL', 'SC')",IL,SC,0.98,1.0,0.020000000000000018,0.99,ISR,SYC
572,"('IL', 'TR')",IL,TR,0.98,0.98,0.0,0.98,ISR,TUR
573,"('IN', 'AD')",IN,AD,1.0,1.0,0.0,1.0,IND,AND
574,"('IN', 'AT')",IN,AT,1.0,0.88,0.12,0.94,IND,AUT
575,"('IN', 'BE')",IN,BE,0.98,0.86,0.12,0.9199999999999999,IND,BEL
576,"('IN', 'BR')",IN,BR,0.96,0.88,0.07999999999999996,0.9199999999999999,IND,BRA
577,"('IN', 'CA')",IN,CA,1.0,0.84,0.16000000000000003,0.9199999999999999,IND,CAN
578,"('IN', 'CR')",IN,CR,1.0,0.8200000000000001,0.17999999999999994,0.91,IND,CRI
579,"('IN', 'CZ')",IN,CZ,1.0,0.88,0.12,0.94,IND,CZE
580,"('IN', 'DK')",IN,DK,1.0,0.88,0.12,0.94,IND,DNK
581,"('IN', 'DZ')",IN,DZ,1.0,0.8,0.19999999999999996,0.9,IND,DZA
582,"('IN', 'FI')",IN,FI,0.98,0.9,0.07999999999999996,0.94,IND,FIN
583,"('IN', 'GR')",IN,GR,1.0,0.92,0.07999999999999996,0.96,IND,GRC
584,"('IN', 'IL')",IN,IL,1.0,0.86,0.14,0.9299999999999999,IND,ISR
585,"('IN', 'IS')",IN,IS,1.0,1.0,0.0,1.0,IND,ISL
586,"('IN', 'LI')",IN,LI,1.0,1.0,0.0,1.0,IND,LIE
587,"('IN', 'MD')",IN,MD,0.98,0.88,0.09999999999999998,0.9299999999999999,IND,MDA
588,"('IN', 'MY')",IN,MY,1.0,0.8200000000000001,0.17999999999999994,0.91,IND,MYS
589,"('IN', 'NO')",IN,NO,1.0,0.9,0.09999999999999998,0.95,IND,NOR
590,"('IN', 'PL')",IN,PL,1.0,0.88,0.12,0.94,IND,POL
591,"('IN', 'PT')",IN,PT,1.0,0.84,0.16000000000000003,0.9199999999999999,IND,PRT
592,"('IN', 'RS')",IN,RS,1.0,0.88,0.12,0.94,IND,SRB
593,"('IN', 'RU')",IN,RU,0.84,0.92,0.08000000000000007,0.88,IND,RUS
594,"('IN', 'SA')",IN,SA,0.98,0.84,0.14,0.9099999999999999,IND,SAU
595,"('IN', 'SC')",IN,SC,1.0,1.0,0.0,1.0,IND,SYC
596,"('IN', 'SG')",IN,SG,0.98,0.8,0.17999999999999994,0.89,IND,SGP
597,"('IN', 'TR')",IN,TR,0.94,0.8200000000000001,0.11999999999999988,0.88,IND,TUR
598,"('IN', 'TW')",IN,TW,0.96,0.84,0.12,0.8999999999999999,IND,TWN
599,"('IN', 'VE')",IN,VE,0.98,0.86,0.12,0.9199999999999999,IND,VEN
600,"('IS', 'AT')",IS,AT,1.0,0.98,0.020000000000000018,0.99,ISL,AUT
601,"('IS', 'BR')",IS,BR,1.0,1.0,0.0,1.0,ISL,BRA
602,"('IS', 'CR')",IS,CR,1.0,1.0,0.0,1.0,ISL,CRI
603,"('IS', 'CZ')",IS,CZ,1.0,1.0,0.0,1.0,ISL,CZE
604,"('IS', 'DK')",IS,DK,1.0,1.0,0.0,1.0,ISL,DNK
605,"('IS', 'DZ')",IS,DZ,1.0,1.0,0.0,1.0,ISL,DZA
606,"('IS', 'GR')",IS,GR,1.0,1.0,0.0,1.0,ISL,GRC
607,"('IS', 'IL')",IS,IL,1.0,1.0,0.0,1.0,ISL,ISR
608,"('IS', 'LI')",IS,LI,1.0,1.0,0.0,1.0,ISL,LIE
609,"('IS', 'PL')",IS,PL,1.0,1.0,0.0,1.0,ISL,POL
610,"('IS', 'PT')",IS,PT,1.0,1.0,0.0,1.0,ISL,PRT
611,"('IS', 'SA')",IS,SA,1.0,1.0,0.0,1.0,ISL,SAU
612,"('IS', 'SC')",IS,SC,1.0,1.0,0.0,1.0,ISL,SYC
613,"('IS', 'TR')",IS,TR,1.0,0.98,0.020000000000000018,0.99,ISL,TUR
614,"('IS', 'VE')",IS,VE,1.0,1.0,0.0,1.0,ISL,VEN
615,"('JP', 'AD')",JP,AD,1.0,1.0,0.0,1.0,JPN,AND
616,"('JP', 'AT')",JP,AT,0.98,0.92,0.05999999999999994,0.95,JPN,AUT
617,"('JP', 'BE')",JP,BE,0.98,0.96,0.020000000000000018,0.97,JPN,BEL
618,"('JP', 'BR')",JP,BR,0.96,0.96,0.0,0.96,JPN,BRA
619,"('JP', 'CA')",JP,CA,0.96,0.94,0.020000000000000018,0.95,JPN,CAN
620,"('JP', 'CL')",JP,CL,0.96,0.96,0.0,0.96,JPN,CHL
621,"('JP', 'CN')",JP,CN,0.9,0.86,0.040000000000000036,0.88,JPN,CHN
622,"('JP', 'CR')",JP,CR,0.98,0.92,0.05999999999999994,0.95,JPN,CRI
623,"('JP', 'CZ')",JP,CZ,1.0,0.96,0.040000000000000036,0.98,JPN,CZE
624,"('JP', 'DK')",JP,DK,1.0,0.96,0.040000000000000036,0.98,JPN,DNK
625,"('JP', 'DZ')",JP,DZ,1.0,0.94,0.06000000000000005,0.97,JPN,DZA
626,"('JP', 'ES')",JP,ES,0.96,0.96,0.0,0.96,JPN,ESP
627,"('JP', 'FI')",JP,FI,0.98,0.94,0.040000000000000036,0.96,JPN,FIN
628,"('JP', 'FR')",JP,FR,0.94,0.96,0.020000000000000018,0.95,JPN,FRA
629,"('JP', 'GR')",JP,GR,1.0,0.96,0.040000000000000036,0.98,JPN,GRC
630,"('JP', 'HK')",JP,HK,0.88,0.9,0.020000000000000018,0.89,JPN,HKG
631,"('JP', 'HU')",JP,HU,0.98,0.96,0.020000000000000018,0.97,JPN,HUN
632,"('JP', 'ID')",JP,ID,0.98,0.96,0.020000000000000018,0.97,JPN,IDN
633,"('JP', 'IL')",JP,IL,1.0,0.94,0.06000000000000005,0.97,JPN,ISR
634,"('JP', 'IN')",JP,IN,0.6599999999999999,0.92,0.2600000000000001,0.79,JPN,IND
635,"('JP', 'IS')",JP,IS,1.0,1.0,0.0,1.0,JPN,ISL
636,"('JP', 'KE')",JP,KE,1.0,0.94,0.06000000000000005,0.97,JPN,KEN
637,"('JP', 'LI')",JP,LI,1.0,1.0,0.0,1.0,JPN,LIE
638,"('JP', 'LT')",JP,LT,0.96,0.96,0.0,0.96,JPN,LTU
639,"('JP', 'LU')",JP,LU,0.96,1.0,0.040000000000000036,0.98,JPN,LUX
640,"('JP', 'MD')",JP,MD,0.94,0.94,0.0,0.94,JPN,MDA
641,"('JP', 'MX')",JP,MX,0.98,0.92,0.05999999999999994,0.95,JPN,MEX
642,"('JP', 'MY')",JP,MY,1.0,0.92,0.07999999999999996,0.96,JPN,MYS
643,"('JP', 'NL')",JP,NL,0.8200000000000001,0.92,0.09999999999999998,0.8700000000000001,JPN,NLD
644,"('JP', 'NO')",JP,NO,1.0,0.94,0.06000000000000005,0.97,JPN,NOR
645,"('JP', 'NZ')",JP,NZ,0.94,0.96,0.020000000000000018,0.95,JPN,NZL
646,"('JP', 'PE')",JP,PE,1.0,0.94,0.06000000000000005,0.97,JPN,PER
647,"('JP', 'PL')",JP,PL,0.96,0.92,0.039999999999999925,0.94,JPN,POL
648,"('JP', 'PT')",JP,PT,1.0,0.96,0.040000000000000036,0.98,JPN,PRT
649,"('JP', 'RO')",JP,RO,0.98,0.96,0.020000000000000018,0.97,JPN,ROU
650,"('JP', 'RS')",JP,RS,1.0,0.96,0.040000000000000036,0.98,JPN,SRB
651,"('JP', 'RU')",JP,RU,0.8,0.94,0.1399999999999999,0.87,JPN,RUS
652,"('JP', 'SA')",JP,SA,0.96,0.94,0.020000000000000018,0.95,JPN,SAU
653,"('JP', 'SC')",JP,SC,1.0,1.0,0.0,1.0,JPN,SYC
654,"('JP', 'SE')",JP,SE,0.94,0.94,0.0,0.94,JPN,SWE
655,"('JP', 'SG')",JP,SG,0.98,0.92,0.05999999999999994,0.95,JPN,SGP
656,"('JP', 'SK')",JP,SK,0.96,0.94,0.020000000000000018,0.95,JPN,SVK
657,"('JP', 'TR')",JP,TR,0.96,0.92,0.039999999999999925,0.94,JPN,TUR
658,"('JP', 'TW')",JP,TW,0.92,0.88,0.040000000000000036,0.9,JPN,TWN
659,"('JP', 'VE')",JP,VE,0.96,0.94,0.020000000000000018,0.95,JPN,VEN
660,"('JP', 'VN')",JP,VN,1.0,0.94,0.06000000000000005,0.97,JPN,VNM
661,"('JP', 'ZA')",JP,ZA,0.98,0.9,0.07999999999999996,0.94,JPN,ZAF
662,"('KE', 'AD')",KE,AD,1.0,1.0,0.0,1.0,KEN,AND
663,"('KE', 'AT')",KE,AT,1.0,1.0,0.0,1.0,KEN,AUT
664,"('KE', 'BE')",KE,BE,0.98,1.0,0.020000000000000018,0.99,KEN,BEL
665,"('KE', 'BR')",KE,BR,1.0,1.0,0.0,1.0,KEN,BRA
666,"('KE', 'CA')",KE,CA,1.0,1.0,0.0,1.0,KEN,CAN
667,"('KE', 'CL')",KE,CL,0.98,1.0,0.020000000000000018,0.99,KEN,CHL
668,"('KE', 'CN')",KE,CN,0.92,0.94,0.019999999999999907,0.9299999999999999,KEN,CHN
669,"('KE', 'CR')",KE,CR,1.0,1.0,0.0,1.0,KEN,CRI
670,"('KE', 'CZ')",KE,CZ,1.0,1.0,0.0,1.0,KEN,CZE
671,"('KE', 'DK')",KE,DK,1.0,1.0,0.0,1.0,KEN,DNK
672,"('KE', 'DZ')",KE,DZ,1.0,1.0,0.0,1.0,KEN,DZA
673,"('KE', 'ES')",KE,ES,0.94,1.0,0.06000000000000005,0.97,KEN,ESP
674,"('KE', 'FI')",KE,FI,0.98,1.0,0.020000000000000018,0.99,KEN,FIN
675,"('KE', 'FR')",KE,FR,0.98,1.0,0.020000000000000018,0.99,KEN,FRA
676,"('KE', 'GR')",KE,GR,1.0,1.0,0.0,1.0,KEN,GRC
677,"('KE', 'HU')",KE,HU,0.98,1.0,0.020000000000000018,0.99,KEN,HUN
678,"('KE', 'ID')",KE,ID,1.0,0.98,0.020000000000000018,0.99,KEN,IDN
679,"('KE', 'IL')",KE,IL,1.0,1.0,0.0,1.0,KEN,ISR
680,"('KE', 'IN')",KE,IN,0.8,1.0,0.19999999999999996,0.9,KEN,IND
681,"('KE', 'IS')",KE,IS,1.0,1.0,0.0,1.0,KEN,ISL
682,"('KE', 'LI')",KE,LI,1.0,1.0,0.0,1.0,KEN,LIE
683,"('KE', 'LU')",KE,LU,0.98,1.0,0.020000000000000018,0.99,KEN,LUX
684,"('KE', 'MD')",KE,MD,1.0,1.0,0.0,1.0,KEN,MDA
685,"('KE', 'MX')",KE,MX,0.98,1.0,0.020000000000000018,0.99,KEN,MEX
686,"('KE', 'MY')",KE,MY,1.0,1.0,0.0,1.0,KEN,MYS
687,"('KE', 'NO')",KE,NO,1.0,1.0,0.0,1.0,KEN,NOR
688,"('KE', 'NZ')",KE,NZ,1.0,1.0,0.0,1.0,KEN,NZL
689,"('KE', 'PE')",KE,PE,1.0,1.0,0.0,1.0,KEN,PER
690,"('KE', 'PL')",KE,PL,1.0,1.0,0.0,1.0,KEN,POL
691,"('KE', 'PT')",KE,PT,1.0,1.0,0.0,1.0,KEN,PRT
692,"('KE', 'RS')",KE,RS,1.0,1.0,0.0,1.0,KEN,SRB
693,"('KE', 'RU')",KE,RU,0.9,1.0,0.09999999999999998,0.95,KEN,RUS
694,"('KE', 'SA')",KE,SA,0.96,1.0,0.040000000000000036,0.98,KEN,SAU
695,"('KE', 'SC')",KE,SC,0.98,1.0,0.020000000000000018,0.99,KEN,SYC
696,"('KE', 'SE')",KE,SE,0.98,0.98,0.0,0.98,KEN,SWE
697,"('KE', 'SG')",KE,SG,0.98,1.0,0.020000000000000018,0.99,KEN,SGP
698,"('KE', 'SK')",KE,SK,0.96,1.0,0.040000000000000036,0.98,KEN,SVK
699,"('KE', 'TR')",KE,TR,0.94,0.98,0.040000000000000036,0.96,KEN,TUR
700,"('KE', 'TW')",KE,TW,0.96,0.98,0.020000000000000018,0.97,KEN,TWN
701,"('KE', 'VE')",KE,VE,1.0,1.0,0.0,1.0,KEN,VEN
702,"('KE', 'VN')",KE,VN,1.0,1.0,0.0,1.0,KEN,VNM
703,"('KE', 'ZA')",KE,ZA,0.98,1.0,0.020000000000000018,0.99,KEN,ZAF
704,"('KR', 'AD')",KR,AD,1.0,1.0,0.0,1.0,KOR,AND
705,"('KR', 'AT')",KR,AT,0.98,0.48,0.5,0.73,KOR,AUT
706,"('KR', 'AU')",KR,AU,0.96,0.45999999999999996,0.5,0.71,KOR,AUS
707,"('KR', 'BE')",KR,BE,0.98,0.45999999999999996,0.52,0.72,KOR,BEL
708,"('KR', 'BG')",KR,BG,1.0,0.6799999999999999,0.32000000000000006,0.84,KOR,BGR
709,"('KR', 'BR')",KR,BR,0.96,0.56,0.3999999999999999,0.76,KOR,BRA
710,"('KR', 'BZ')",KR,BZ,1.0,1.0,0.0,1.0,KOR,BLZ
711,"('KR', 'CA')",KR,CA,0.96,0.4,0.5599999999999999,0.6799999999999999,KOR,CAN
712,"('KR', 'CL')",KR,CL,0.98,0.62,0.36,0.8,KOR,CHL
713,"('KR', 'CN')",KR,CN,0.92,0.36,0.56,0.64,KOR,CHN
714,"('KR', 'CR')",KR,CR,0.98,0.5800000000000001,0.3999999999999999,0.78,KOR,CRI
715,"('KR', 'CZ')",KR,CZ,1.0,0.62,0.38,0.81,KOR,CZE
716,"('KR', 'DK')",KR,DK,1.0,0.62,0.38,0.81,KOR,DNK
717,"('KR', 'DZ')",KR,DZ,1.0,0.42000000000000004,0.58,0.71,KOR,DZA
718,"('KR', 'ES')",KR,ES,0.94,0.54,0.3999999999999999,0.74,KOR,ESP
719,"('KR', 'FI')",KR,FI,0.98,0.56,0.41999999999999993,0.77,KOR,FIN
720,"('KR', 'FR')",KR,FR,0.94,0.42000000000000004,0.5199999999999999,0.6799999999999999,KOR,FRA
721,"('KR', 'GR')",KR,GR,1.0,0.8200000000000001,0.17999999999999994,0.91,KOR,GRC
722,"('KR', 'HK')",KR,HK,0.9,0.42000000000000004,0.48,0.66,KOR,HKG
723,"('KR', 'HU')",KR,HU,1.0,0.7,0.30000000000000004,0.85,KOR,HUN
724,"('KR', 'ID')",KR,ID,0.98,0.74,0.24,0.86,KOR,IDN
725,"('KR', 'IL')",KR,IL,1.0,0.6,0.4,0.8,KOR,ISR
726,"('KR', 'IN')",KR,IN,0.74,0.33999999999999997,0.4,0.54,KOR,IND
727,"('KR', 'IS')",KR,IS,1.0,1.0,0.0,1.0,KOR,ISL
728,"('KR', 'JP')",KR,JP,0.88,0.24,0.64,0.56,KOR,JPN
729,"('KR', 'KE')",KR,KE,1.0,0.62,0.38,0.81,KOR,KEN
730,"('KR', 'LI')",KR,LI,1.0,1.0,0.0,1.0,KOR,LIE
731,"('KR', 'LT')",KR,LT,0.96,0.74,0.21999999999999997,0.85,KOR,LTU
732,"('KR', 'LU')",KR,LU,0.94,1.0,0.06000000000000005,0.97,KOR,LUX
733,"('KR', 'MD')",KR,MD,0.96,0.64,0.31999999999999995,0.8,KOR,MDA
734,"('KR', 'MX')",KR,MX,0.98,0.43999999999999995,0.54,0.71,KOR,MEX
735,"('KR', 'MY')",KR,MY,1.0,0.54,0.45999999999999996,0.77,KOR,MYS
736,"('KR', 'NL')",KR,NL,0.86,0.4,0.45999999999999996,0.63,KOR,NLD
737,"('KR', 'NO')",KR,NO,1.0,0.6,0.4,0.8,KOR,NOR
738,"('KR', 'NZ')",KR,NZ,0.94,0.5800000000000001,0.3599999999999999,0.76,KOR,NZL
739,"('KR', 'PE')",KR,PE,1.0,0.54,0.45999999999999996,0.77,KOR,PER
740,"('KR', 'PL')",KR,PL,0.96,0.6599999999999999,0.30000000000000004,0.8099999999999999,KOR,POL
741,"('KR', 'PT')",KR,PT,1.0,0.52,0.48,0.76,KOR,PRT
742,"('KR', 'RO')",KR,RO,0.98,0.6,0.38,0.79,KOR,ROU
743,"('KR', 'RS')",KR,RS,1.0,0.64,0.36,0.8200000000000001,KOR,SRB
744,"('KR', 'RU')",KR,RU,0.84,0.7,0.14,0.77,KOR,RUS
745,"('KR', 'SA')",KR,SA,1.0,0.5800000000000001,0.41999999999999993,0.79,KOR,SAU
746,"('KR', 'SC')",KR,SC,1.0,1.0,0.0,1.0,KOR,SYC
747,"('KR', 'SE')",KR,SE,0.94,0.54,0.3999999999999999,0.74,KOR,SWE
748,"('KR', 'SG')",KR,SG,0.98,0.43999999999999995,0.54,0.71,KOR,SGP
749,"('KR', 'SK')",KR,SK,1.0,0.6799999999999999,0.32000000000000006,0.84,KOR,SVK
750,"('KR', 'TR')",KR,TR,0.98,0.62,0.36,0.8,KOR,TUR
751,"('KR', 'TW')",KR,TW,0.94,0.48,0.45999999999999996,0.71,KOR,TWN
752,"('KR', 'US')",KR,US,0.6599999999999999,0.12,0.5399999999999999,0.38999999999999996,KOR,USA
753,"('KR', 'VE')",KR,VE,0.98,0.54,0.43999999999999995,0.76,KOR,VEN
754,"('KR', 'VN')",KR,VN,1.0,0.7,0.30000000000000004,0.85,KOR,VNM
755,"('KR', 'ZA')",KR,ZA,0.98,0.5800000000000001,0.3999999999999999,0.78,KOR,ZAF
756,"('LT', 'AD')",LT,AD,1.0,1.0,0.0,1.0,LTU,AND
757,"('LT', 'AT')",LT,AT,1.0,0.98,0.020000000000000018,0.99,LTU,AUT
758,"('LT', 'BE')",LT,BE,1.0,0.96,0.040000000000000036,0.98,LTU,BEL
759,"('LT', 'BR')",LT,BR,0.98,0.98,0.0,0.98,LTU,BRA
760,"('LT', 'CA')",LT,CA,1.0,0.96,0.040000000000000036,0.98,LTU,CAN
761,"('LT', 'CL')",LT,CL,0.98,0.98,0.0,0.98,LTU,CHL
762,"('LT', 'CN')",LT,CN,0.96,0.96,0.0,0.96,LTU,CHN
763,"('LT', 'CR')",LT,CR,1.0,0.96,0.040000000000000036,0.98,LTU,CRI
764,"('LT', 'CZ')",LT,CZ,1.0,0.98,0.020000000000000018,0.99,LTU,CZE
765,"('LT', 'DK')",LT,DK,1.0,0.98,0.020000000000000018,0.99,LTU,DNK
766,"('LT', 'DZ')",LT,DZ,1.0,0.98,0.020000000000000018,0.99,LTU,DZA
767,"('LT', 'ES')",LT,ES,0.98,0.98,0.0,0.98,LTU,ESP
768,"('LT', 'FI')",LT,FI,1.0,1.0,0.0,1.0,LTU,FIN
769,"('LT', 'FR')",LT,FR,1.0,0.98,0.020000000000000018,0.99,LTU,FRA
770,"('LT', 'GR')",LT,GR,1.0,1.0,0.0,1.0,LTU,GRC
771,"('LT', 'HU')",LT,HU,1.0,1.0,0.0,1.0,LTU,HUN
772,"('LT', 'ID')",LT,ID,1.0,0.98,0.020000000000000018,0.99,LTU,IDN
773,"('LT', 'IL')",LT,IL,1.0,0.98,0.020000000000000018,0.99,LTU,ISR
774,"('LT', 'IN')",LT,IN,0.9,0.96,0.05999999999999994,0.9299999999999999,LTU,IND
775,"('LT', 'IS')",LT,IS,1.0,1.0,0.0,1.0,LTU,ISL
776,"('LT', 'KE')",LT,KE,1.0,0.98,0.020000000000000018,0.99,LTU,KEN
777,"('LT', 'LI')",LT,LI,1.0,1.0,0.0,1.0,LTU,LIE
778,"('LT', 'LU')",LT,LU,1.0,1.0,0.0,1.0,LTU,LUX
779,"('LT', 'MD')",LT,MD,1.0,0.98,0.020000000000000018,0.99,LTU,MDA
780,"('LT', 'MX')",LT,MX,1.0,0.96,0.040000000000000036,0.98,LTU,MEX
781,"('LT', 'MY')",LT,MY,1.0,0.98,0.020000000000000018,0.99,LTU,MYS
782,"('LT', 'NO')",LT,NO,1.0,0.98,0.020000000000000018,0.99,LTU,NOR
783,"('LT', 'NZ')",LT,NZ,0.98,0.98,0.0,0.98,LTU,NZL
784,"('LT', 'PE')",LT,PE,1.0,0.98,0.020000000000000018,0.99,LTU,PER
785,"('LT', 'PL')",LT,PL,1.0,0.98,0.020000000000000018,0.99,LTU,POL
786,"('LT', 'PT')",LT,PT,1.0,0.96,0.040000000000000036,0.98,LTU,PRT
787,"('LT', 'RO')",LT,RO,1.0,0.98,0.020000000000000018,0.99,LTU,ROU
788,"('LT', 'RS')",LT,RS,1.0,0.98,0.020000000000000018,0.99,LTU,SRB
789,"('LT', 'RU')",LT,RU,0.9,0.98,0.07999999999999996,0.94,LTU,RUS
790,"('LT', 'SA')",LT,SA,0.94,0.96,0.020000000000000018,0.95,LTU,SAU
791,"('LT', 'SC')",LT,SC,1.0,1.0,0.0,1.0,LTU,SYC
792,"('LT', 'SE')",LT,SE,1.0,0.94,0.06000000000000005,0.97,LTU,SWE
793,"('LT', 'SG')",LT,SG,1.0,0.96,0.040000000000000036,0.98,LTU,SGP
794,"('LT', 'SK')",LT,SK,1.0,1.0,0.0,1.0,LTU,SVK
795,"('LT', 'TR')",LT,TR,0.96,0.96,0.0,0.96,LTU,TUR
796,"('LT', 'TW')",LT,TW,1.0,0.98,0.020000000000000018,0.99,LTU,TWN
797,"('LT', 'VE')",LT,VE,0.98,0.98,0.0,0.98,LTU,VEN
798,"('LT', 'VN')",LT,VN,1.0,0.98,0.020000000000000018,0.99,LTU,VNM
799,"('LT', 'ZA')",LT,ZA,0.98,0.96,0.020000000000000018,0.97,LTU,ZAF
800,"('LU', 'AD')",LU,AD,1.0,1.0,0.0,1.0,LUX,AND
801,"('LU', 'AT')",LU,AT,1.0,0.96,0.040000000000000036,0.98,LUX,AUT
802,"('LU', 'BE')",LU,BE,1.0,0.96,0.040000000000000036,0.98,LUX,BEL
803,"('LU', 'BR')",LU,BR,1.0,1.0,0.0,1.0,LUX,BRA
804,"('LU', 'CA')",LU,CA,1.0,0.96,0.040000000000000036,0.98,LUX,CAN
805,"('LU', 'CR')",LU,CR,1.0,0.98,0.020000000000000018,0.99,LUX,CRI
806,"('LU', 'CZ')",LU,CZ,1.0,1.0,0.0,1.0,LUX,CZE
807,"('LU', 'DK')",LU,DK,1.0,1.0,0.0,1.0,LUX,DNK
808,"('LU', 'DZ')",LU,DZ,1.0,0.96,0.040000000000000036,0.98,LUX,DZA
809,"('LU', 'FI')",LU,FI,1.0,1.0,0.0,1.0,LUX,FIN
810,"('LU', 'GR')",LU,GR,1.0,1.0,0.0,1.0,LUX,GRC
811,"('LU', 'IL')",LU,IL,1.0,0.98,0.020000000000000018,0.99,LUX,ISR
812,"('LU', 'IN')",LU,IN,1.0,0.94,0.06000000000000005,0.97,LUX,IND
813,"('LU', 'IS')",LU,IS,1.0,1.0,0.0,1.0,LUX,ISL
814,"('LU', 'LI')",LU,LI,1.0,1.0,0.0,1.0,LUX,LIE
815,"('LU', 'MD')",LU,MD,1.0,0.98,0.020000000000000018,0.99,LUX,MDA
816,"('LU', 'MY')",LU,MY,1.0,0.98,0.020000000000000018,0.99,LUX,MYS
817,"('LU', 'NO')",LU,NO,1.0,1.0,0.0,1.0,LUX,NOR
818,"('LU', 'PL')",LU,PL,1.0,1.0,0.0,1.0,LUX,POL
819,"('LU', 'PT')",LU,PT,1.0,0.98,0.020000000000000018,0.99,LUX,PRT
820,"('LU', 'RS')",LU,RS,1.0,0.98,0.020000000000000018,0.99,LUX,SRB
821,"('LU', 'RU')",LU,RU,1.0,1.0,0.0,1.0,LUX,RUS
822,"('LU', 'SA')",LU,SA,1.0,0.98,0.020000000000000018,0.99,LUX,SAU
823,"('LU', 'SC')",LU,SC,1.0,1.0,0.0,1.0,LUX,SYC
824,"('LU', 'SG')",LU,SG,1.0,0.98,0.020000000000000018,0.99,LUX,SGP
825,"('LU', 'TR')",LU,TR,1.0,0.96,0.040000000000000036,0.98,LUX,TUR
826,"('LU', 'TW')",LU,TW,1.0,0.96,0.040000000000000036,0.98,LUX,TWN
827,"('LU', 'VE')",LU,VE,1.0,0.98,0.020000000000000018,0.99,LUX,VEN
828,"('MD', 'AD')",MD,AD,1.0,1.0,0.0,1.0,MDA,AND
829,"('MD', 'AT')",MD,AT,1.0,0.98,0.020000000000000018,0.99,MDA,AUT
830,"('MD', 'BE')",MD,BE,1.0,1.0,0.0,1.0,MDA,BEL
831,"('MD', 'BR')",MD,BR,1.0,1.0,0.0,1.0,MDA,BRA
832,"('MD', 'CA')",MD,CA,1.0,1.0,0.0,1.0,MDA,CAN
833,"('MD', 'CR')",MD,CR,1.0,1.0,0.0,1.0,MDA,CRI
834,"('MD', 'CZ')",MD,CZ,1.0,1.0,0.0,1.0,MDA,CZE
835,"('MD', 'DK')",MD,DK,1.0,1.0,0.0,1.0,MDA,DNK
836,"('MD', 'DZ')",MD,DZ,1.0,0.98,0.020000000000000018,0.99,MDA,DZA
837,"('MD', 'FI')",MD,FI,1.0,1.0,0.0,1.0,MDA,FIN
838,"('MD', 'GR')",MD,GR,1.0,1.0,0.0,1.0,MDA,GRC
839,"('MD', 'IL')",MD,IL,1.0,1.0,0.0,1.0,MDA,ISR
840,"('MD', 'IS')",MD,IS,0.98,1.0,0.020000000000000018,0.99,MDA,ISL
841,"('MD', 'LI')",MD,LI,1.0,1.0,0.0,1.0,MDA,LIE
842,"('MD', 'MY')",MD,MY,1.0,1.0,0.0,1.0,MDA,MYS
843,"('MD', 'NO')",MD,NO,1.0,1.0,0.0,1.0,MDA,NOR
844,"('MD', 'PL')",MD,PL,1.0,0.98,0.020000000000000018,0.99,MDA,POL
845,"('MD', 'PT')",MD,PT,1.0,1.0,0.0,1.0,MDA,PRT
846,"('MD', 'RS')",MD,RS,1.0,1.0,0.0,1.0,MDA,SRB
847,"('MD', 'RU')",MD,RU,0.9,1.0,0.09999999999999998,0.95,MDA,RUS
848,"('MD', 'SA')",MD,SA,0.88,1.0,0.12,0.94,MDA,SAU
849,"('MD', 'SC')",MD,SC,1.0,1.0,0.0,1.0,MDA,SYC
850,"('MD', 'TR')",MD,TR,0.96,0.98,0.020000000000000018,0.97,MDA,TUR
851,"('MD', 'VE')",MD,VE,0.98,1.0,0.020000000000000018,0.99,MDA,VEN
852,"('MX', 'AD')",MX,AD,1.0,1.0,0.0,1.0,MEX,AND
853,"('MX', 'AT')",MX,AT,1.0,1.0,0.0,1.0,MEX,AUT
854,"('MX', 'BE')",MX,BE,0.98,1.0,0.020000000000000018,0.99,MEX,BEL
855,"('MX', 'BR')",MX,BR,0.98,1.0,0.020000000000000018,0.99,MEX,BRA
856,"('MX', 'CA')",MX,CA,1.0,0.98,0.020000000000000018,0.99,MEX,CAN
857,"('MX', 'CL')",MX,CL,0.98,0.98,0.0,0.98,MEX,CHL
858,"('MX', 'CN')",MX,CN,0.92,0.96,0.039999999999999925,0.94,MEX,CHN
859,"('MX', 'CR')",MX,CR,1.0,0.98,0.020000000000000018,0.99,MEX,CRI
860,"('MX', 'CZ')",MX,CZ,1.0,1.0,0.0,1.0,MEX,CZE
861,"('MX', 'DK')",MX,DK,1.0,0.98,0.020000000000000018,0.99,MEX,DNK
862,"('MX', 'DZ')",MX,DZ,1.0,0.98,0.020000000000000018,0.99,MEX,DZA
863,"('MX', 'FI')",MX,FI,0.98,1.0,0.020000000000000018,0.99,MEX,FIN
864,"('MX', 'FR')",MX,FR,0.98,1.0,0.020000000000000018,0.99,MEX,FRA
865,"('MX', 'GR')",MX,GR,1.0,0.98,0.020000000000000018,0.99,MEX,GRC
866,"('MX', 'HU')",MX,HU,0.98,1.0,0.020000000000000018,0.99,MEX,HUN
867,"('MX', 'ID')",MX,ID,1.0,1.0,0.0,1.0,MEX,IDN
868,"('MX', 'IL')",MX,IL,1.0,0.98,0.020000000000000018,0.99,MEX,ISR
869,"('MX', 'IN')",MX,IN,0.76,0.98,0.21999999999999997,0.87,MEX,IND
870,"('MX', 'IS')",MX,IS,1.0,1.0,0.0,1.0,MEX,ISL
871,"('MX', 'LI')",MX,LI,1.0,1.0,0.0,1.0,MEX,LIE
872,"('MX', 'LU')",MX,LU,0.98,1.0,0.020000000000000018,0.99,MEX,LUX
873,"('MX', 'MD')",MX,MD,1.0,1.0,0.0,1.0,MEX,MDA
874,"('MX', 'MY')",MX,MY,1.0,0.98,0.020000000000000018,0.99,MEX,MYS
875,"('MX', 'NO')",MX,NO,1.0,1.0,0.0,1.0,MEX,NOR
876,"('MX', 'NZ')",MX,NZ,1.0,0.98,0.020000000000000018,0.99,MEX,NZL
877,"('MX', 'PE')",MX,PE,1.0,0.98,0.020000000000000018,0.99,MEX,PER
878,"('MX', 'PL')",MX,PL,1.0,1.0,0.0,1.0,MEX,POL
879,"('MX', 'PT')",MX,PT,1.0,0.98,0.020000000000000018,0.99,MEX,PRT
880,"('MX', 'RS')",MX,RS,1.0,0.98,0.020000000000000018,0.99,MEX,SRB
881,"('MX', 'RU')",MX,RU,0.84,1.0,0.16000000000000003,0.9199999999999999,MEX,RUS
882,"('MX', 'SA')",MX,SA,0.98,0.98,0.0,0.98,MEX,SAU
883,"('MX', 'SC')",MX,SC,0.96,1.0,0.040000000000000036,0.98,MEX,SYC
884,"('MX', 'SE')",MX,SE,0.96,0.98,0.020000000000000018,0.97,MEX,SWE
885,"('MX', 'SG')",MX,SG,0.98,0.98,0.0,0.98,MEX,SGP
886,"('MX', 'SK')",MX,SK,0.98,1.0,0.020000000000000018,0.99,MEX,SVK
887,"('MX', 'TR')",MX,TR,0.96,0.96,0.0,0.96,MEX,TUR
888,"('MX', 'TW')",MX,TW,0.96,0.98,0.020000000000000018,0.97,MEX,TWN
889,"('MX', 'VE')",MX,VE,0.98,0.98,0.0,0.98,MEX,VEN
890,"('MX', 'ZA')",MX,ZA,0.98,0.98,0.0,0.98,MEX,ZAF
891,"('MY', 'AT')",MY,AT,1.0,1.0,0.0,1.0,MYS,AUT
892,"('MY', 'BE')",MY,BE,0.98,1.0,0.020000000000000018,0.99,MYS,BEL
893,"('MY', 'BR')",MY,BR,1.0,1.0,0.0,1.0,MYS,BRA
894,"('MY', 'CR')",MY,CR,1.0,1.0,0.0,1.0,MYS,CRI
895,"('MY', 'CZ')",MY,CZ,1.0,1.0,0.0,1.0,MYS,CZE
896,"('MY', 'DK')",MY,DK,1.0,1.0,0.0,1.0,MYS,DNK
897,"('MY', 'DZ')",MY,DZ,1.0,1.0,0.0,1.0,MYS,DZA
898,"('MY', 'GR')",MY,GR,1.0,1.0,0.0,1.0,MYS,GRC
899,"('MY', 'IL')",MY,IL,1.0,1.0,0.0,1.0,MYS,ISR
900,"('MY', 'IS')",MY,IS,1.0,1.0,0.0,1.0,MYS,ISL
901,"('MY', 'LI')",MY,LI,1.0,1.0,0.0,1.0,MYS,LIE
902,"('MY', 'PL')",MY,PL,1.0,1.0,0.0,1.0,MYS,POL
903,"('MY', 'PT')",MY,PT,1.0,1.0,0.0,1.0,MYS,PRT
904,"('MY', 'SA')",MY,SA,0.98,1.0,0.020000000000000018,0.99,MYS,SAU
905,"('MY', 'SC')",MY,SC,0.98,1.0,0.020000000000000018,0.99,MYS,SYC
906,"('MY', 'TR')",MY,TR,0.96,0.98,0.020000000000000018,0.97,MYS,TUR
907,"('MY', 'VE')",MY,VE,1.0,1.0,0.0,1.0,MYS,VEN
908,"('NL', 'AD')",NL,AD,1.0,1.0,0.0,1.0,NLD,AND
909,"('NL', 'AT')",NL,AT,1.0,0.88,0.12,0.94,NLD,AUT
910,"('NL', 'BE')",NL,BE,1.0,0.9,0.09999999999999998,0.95,NLD,BEL
911,"('NL', 'BR')",NL,BR,0.98,0.92,0.05999999999999994,0.95,NLD,BRA
912,"('NL', 'CA')",NL,CA,1.0,0.88,0.12,0.94,NLD,CAN
913,"('NL', 'CL')",NL,CL,0.98,0.94,0.040000000000000036,0.96,NLD,CHL
914,"('NL', 'CN')",NL,CN,0.92,0.84,0.08000000000000007,0.88,NLD,CHN
915,"('NL', 'CR')",NL,CR,1.0,0.92,0.07999999999999996,0.96,NLD,CRI
916,"('NL', 'CZ')",NL,CZ,1.0,0.94,0.06000000000000005,0.97,NLD,CZE
917,"('NL', 'DK')",NL,DK,1.0,0.92,0.07999999999999996,0.96,NLD,DNK
918,"('NL', 'DZ')",NL,DZ,1.0,0.92,0.07999999999999996,0.96,NLD,DZA
919,"('NL', 'ES')",NL,ES,0.96,0.88,0.07999999999999996,0.9199999999999999,NLD,ESP
920,"('NL', 'FI')",NL,FI,1.0,0.92,0.07999999999999996,0.96,NLD,FIN
921,"('NL', 'FR')",NL,FR,0.98,0.86,0.12,0.9199999999999999,NLD,FRA
922,"('NL', 'GR')",NL,GR,1.0,0.96,0.040000000000000036,0.98,NLD,GRC
923,"('NL', 'HK')",NL,HK,0.94,0.88,0.05999999999999994,0.9099999999999999,NLD,HKG
924,"('NL', 'HU')",NL,HU,0.98,0.96,0.020000000000000018,0.97,NLD,HUN
925,"('NL', 'ID')",NL,ID,1.0,0.98,0.020000000000000018,0.99,NLD,IDN
926,"('NL', 'IL')",NL,IL,1.0,0.94,0.06000000000000005,0.97,NLD,ISR
927,"('NL', 'IN')",NL,IN,0.8,0.92,0.12,0.8600000000000001,NLD,IND
928,"('NL', 'IS')",NL,IS,0.98,1.0,0.020000000000000018,0.99,NLD,ISL
929,"('NL', 'KE')",NL,KE,1.0,0.94,0.06000000000000005,0.97,NLD,KEN
930,"('NL', 'LI')",NL,LI,1.0,1.0,0.0,1.0,NLD,LIE
931,"('NL', 'LT')",NL,LT,0.98,0.98,0.0,0.98,NLD,LTU
932,"('NL', 'LU')",NL,LU,1.0,1.0,0.0,1.0,NLD,LUX
933,"('NL', 'MD')",NL,MD,1.0,0.98,0.020000000000000018,0.99,NLD,MDA
934,"('NL', 'MX')",NL,MX,1.0,0.94,0.06000000000000005,0.97,NLD,MEX
935,"('NL', 'MY')",NL,MY,1.0,0.92,0.07999999999999996,0.96,NLD,MYS
936,"('NL', 'NO')",NL,NO,1.0,0.94,0.06000000000000005,0.97,NLD,NOR
937,"('NL', 'NZ')",NL,NZ,0.98,0.9,0.07999999999999996,0.94,NLD,NZL
938,"('NL', 'PE')",NL,PE,1.0,0.94,0.06000000000000005,0.97,NLD,PER
939,"('NL', 'PL')",NL,PL,1.0,0.94,0.06000000000000005,0.97,NLD,POL
940,"('NL', 'PT')",NL,PT,1.0,0.9,0.09999999999999998,0.95,NLD,PRT
941,"('NL', 'RO')",NL,RO,1.0,0.9,0.09999999999999998,0.95,NLD,ROU
942,"('NL', 'RS')",NL,RS,1.0,0.9,0.09999999999999998,0.95,NLD,SRB
943,"('NL', 'RU')",NL,RU,0.78,0.96,0.17999999999999994,0.87,NLD,RUS
944,"('NL', 'SA')",NL,SA,0.88,0.92,0.040000000000000036,0.9,NLD,SAU
945,"('NL', 'SC')",NL,SC,0.96,1.0,0.040000000000000036,0.98,NLD,SYC
946,"('NL', 'SE')",NL,SE,1.0,0.9,0.09999999999999998,0.95,NLD,SWE
947,"('NL', 'SG')",NL,SG,1.0,0.88,0.12,0.94,NLD,SGP
948,"('NL', 'SK')",NL,SK,0.98,0.92,0.05999999999999994,0.95,NLD,SVK
949,"('NL', 'TR')",NL,TR,0.94,0.88,0.05999999999999994,0.9099999999999999,NLD,TUR
950,"('NL', 'TW')",NL,TW,1.0,0.88,0.12,0.94,NLD,TWN
951,"('NL', 'VE')",NL,VE,0.94,0.92,0.019999999999999907,0.9299999999999999,NLD,VEN
952,"('NL', 'VN')",NL,VN,1.0,0.98,0.020000000000000018,0.99,NLD,VNM
953,"('NL', 'ZA')",NL,ZA,0.98,0.9,0.07999999999999996,0.94,NLD,ZAF
954,"('NO', 'AD')",NO,AD,1.0,1.0,0.0,1.0,NOR,AND
955,"('NO', 'AT')",NO,AT,1.0,1.0,0.0,1.0,NOR,AUT
956,"('NO', 'BE')",NO,BE,1.0,1.0,0.0,1.0,NOR,BEL
957,"('NO', 'BR')",NO,BR,1.0,1.0,0.0,1.0,NOR,BRA
958,"('NO', 'CA')",NO,CA,1.0,1.0,0.0,1.0,NOR,CAN
959,"('NO', 'CR')",NO,CR,1.0,1.0,0.0,1.0,NOR,CRI
960,"('NO', 'CZ')",NO,CZ,1.0,1.0,0.0,1.0,NOR,CZE
961,"('NO', 'DK')",NO,DK,1.0,1.0,0.0,1.0,NOR,DNK
962,"('NO', 'DZ')",NO,DZ,1.0,1.0,0.0,1.0,NOR,DZA
963,"('NO', 'FI')",NO,FI,1.0,1.0,0.0,1.0,NOR,FIN
964,"('NO', 'GR')",NO,GR,1.0,1.0,0.0,1.0,NOR,GRC
965,"('NO', 'IL')",NO,IL,1.0,1.0,0.0,1.0,NOR,ISR
966,"('NO', 'IS')",NO,IS,1.0,1.0,0.0,1.0,NOR,ISL
967,"('NO', 'LI')",NO,LI,1.0,1.0,0.0,1.0,NOR,LIE
968,"('NO', 'MY')",NO,MY,1.0,1.0,0.0,1.0,NOR,MYS
969,"('NO', 'PL')",NO,PL,1.0,1.0,0.0,1.0,NOR,POL
970,"('NO', 'PT')",NO,PT,1.0,1.0,0.0,1.0,NOR,PRT
971,"('NO', 'RS')",NO,RS,1.0,1.0,0.0,1.0,NOR,SRB
972,"('NO', 'RU')",NO,RU,0.9,1.0,0.09999999999999998,0.95,NOR,RUS
973,"('NO', 'SA')",NO,SA,0.92,1.0,0.07999999999999996,0.96,NOR,SAU
974,"('NO', 'SC')",NO,SC,1.0,1.0,0.0,1.0,NOR,SYC
975,"('NO', 'TR')",NO,TR,0.96,0.96,0.0,0.96,NOR,TUR
976,"('NO', 'VE')",NO,VE,0.98,1.0,0.020000000000000018,0.99,NOR,VEN
977,"('NZ', 'AD')",NZ,AD,1.0,1.0,0.0,1.0,NZL,AND
978,"('NZ', 'AT')",NZ,AT,1.0,0.96,0.040000000000000036,0.98,NZL,AUT
979,"('NZ', 'BE')",NZ,BE,0.98,0.98,0.0,0.98,NZL,BEL
980,"('NZ', 'BR')",NZ,BR,1.0,1.0,0.0,1.0,NZL,BRA
981,"('NZ', 'CA')",NZ,CA,1.0,1.0,0.0,1.0,NZL,CAN
982,"('NZ', 'CL')",NZ,CL,0.98,1.0,0.020000000000000018,0.99,NZL,CHL
983,"('NZ', 'CN')",NZ,CN,0.92,0.92,0.0,0.92,NZL,CHN
984,"('NZ', 'CR')",NZ,CR,1.0,1.0,0.0,1.0,NZL,CRI
985,"('NZ', 'CZ')",NZ,CZ,1.0,0.98,0.020000000000000018,0.99,NZL,CZE
986,"('NZ', 'DK')",NZ,DK,1.0,1.0,0.0,1.0,NZL,DNK
987,"('NZ', 'DZ')",NZ,DZ,1.0,1.0,0.0,1.0,NZL,DZA
988,"('NZ', 'FI')",NZ,FI,0.98,1.0,0.020000000000000018,0.99,NZL,FIN
989,"('NZ', 'FR')",NZ,FR,0.98,0.98,0.0,0.98,NZL,FRA
990,"('NZ', 'GR')",NZ,GR,1.0,1.0,0.0,1.0,NZL,GRC
991,"('NZ', 'HU')",NZ,HU,0.98,0.98,0.0,0.98,NZL,HUN
992,"('NZ', 'ID')",NZ,ID,1.0,0.98,0.020000000000000018,0.99,NZL,IDN
993,"('NZ', 'IL')",NZ,IL,1.0,1.0,0.0,1.0,NZL,ISR
994,"('NZ', 'IN')",NZ,IN,0.88,0.98,0.09999999999999998,0.9299999999999999,NZL,IND
995,"('NZ', 'IS')",NZ,IS,1.0,1.0,0.0,1.0,NZL,ISL
996,"('NZ', 'LI')",NZ,LI,1.0,1.0,0.0,1.0,NZL,LIE
997,"('NZ', 'LU')",NZ,LU,0.98,1.0,0.020000000000000018,0.99,NZL,LUX
998,"('NZ', 'MD')",NZ,MD,1.0,1.0,0.0,1.0,NZL,MDA
999,"('NZ', 'MY')",NZ,MY,1.0,0.98,0.020000000000000018,0.99,NZL,MYS
1000,"('NZ', 'NO')",NZ,NO,1.0,1.0,0.0,1.0,NZL,NOR
1001,"('NZ', 'PL')",NZ,PL,1.0,0.98,0.020000000000000018,0.99,NZL,POL
1002,"('NZ', 'PT')",NZ,PT,1.0,1.0,0.0,1.0,NZL,PRT
1003,"('NZ', 'RS')",NZ,RS,1.0,0.98,0.020000000000000018,0.99,NZL,SRB
1004,"('NZ', 'RU')",NZ,RU,0.9,0.98,0.07999999999999996,0.94,NZL,RUS
1005,"('NZ', 'SA')",NZ,SA,0.94,1.0,0.06000000000000005,0.97,NZL,SAU
1006,"('NZ', 'SC')",NZ,SC,0.98,1.0,0.020000000000000018,0.99,NZL,SYC
1007,"('NZ', 'SG')",NZ,SG,0.98,1.0,0.020000000000000018,0.99,NZL,SGP
1008,"('NZ', 'SK')",NZ,SK,0.98,0.96,0.020000000000000018,0.97,NZL,SVK
1009,"('NZ', 'TR')",NZ,TR,0.96,0.98,0.020000000000000018,0.97,NZL,TUR
1010,"('NZ', 'TW')",NZ,TW,0.96,0.92,0.039999999999999925,0.94,NZL,TWN
1011,"('NZ', 'VE')",NZ,VE,1.0,0.98,0.020000000000000018,0.99,NZL,VEN
1012,"('NZ', 'ZA')",NZ,ZA,0.98,1.0,0.020000000000000018,0.99,NZL,ZAF
1013,"('PE', 'AD')",PE,AD,1.0,1.0,0.0,1.0,PER,AND
1014,"('PE', 'AT')",PE,AT,1.0,1.0,0.0,1.0,PER,AUT
1015,"('PE', 'BE')",PE,BE,0.98,1.0,0.020000000000000018,0.99,PER,BEL
1016,"('PE', 'BR')",PE,BR,1.0,1.0,0.0,1.0,PER,BRA
1017,"('PE', 'CA')",PE,CA,1.0,1.0,0.0,1.0,PER,CAN
1018,"('PE', 'CL')",PE,CL,0.98,1.0,0.020000000000000018,0.99,PER,CHL
1019,"('PE', 'CN')",PE,CN,0.92,0.96,0.039999999999999925,0.94,PER,CHN
1020,"('PE', 'CR')",PE,CR,1.0,1.0,0.0,1.0,PER,CRI
1021,"('PE', 'CZ')",PE,CZ,1.0,1.0,0.0,1.0,PER,CZE
1022,"('PE', 'DK')",PE,DK,1.0,1.0,0.0,1.0,PER,DNK
1023,"('PE', 'DZ')",PE,DZ,1.0,1.0,0.0,1.0,PER,DZA
1024,"('PE', 'FI')",PE,FI,0.98,1.0,0.020000000000000018,0.99,PER,FIN
1025,"('PE', 'FR')",PE,FR,0.98,1.0,0.020000000000000018,0.99,PER,FRA
1026,"('PE', 'GR')",PE,GR,1.0,1.0,0.0,1.0,PER,GRC
1027,"('PE', 'HU')",PE,HU,0.98,1.0,0.020000000000000018,0.99,PER,HUN
1028,"('PE', 'ID')",PE,ID,1.0,0.98,0.020000000000000018,0.99,PER,IDN
1029,"('PE', 'IL')",PE,IL,1.0,1.0,0.0,1.0,PER,ISR
1030,"('PE', 'IN')",PE,IN,0.86,0.96,0.09999999999999998,0.9099999999999999,PER,IND
1031,"('PE', 'IS')",PE,IS,1.0,1.0,0.0,1.0,PER,ISL
1032,"('PE', 'LI')",PE,LI,1.0,1.0,0.0,1.0,PER,LIE
1033,"('PE', 'LU')",PE,LU,0.98,1.0,0.020000000000000018,0.99,PER,LUX
1034,"('PE', 'MD')",PE,MD,1.0,1.0,0.0,1.0,PER,MDA
1035,"('PE', 'MY')",PE,MY,1.0,1.0,0.0,1.0,PER,MYS
1036,"('PE', 'NO')",PE,NO,1.0,1.0,0.0,1.0,PER,NOR
1037,"('PE', 'NZ')",PE,NZ,1.0,1.0,0.0,1.0,PER,NZL
1038,"('PE', 'PL')",PE,PL,1.0,1.0,0.0,1.0,PER,POL
1039,"('PE', 'PT')",PE,PT,1.0,1.0,0.0,1.0,PER,PRT
1040,"('PE', 'RS')",PE,RS,1.0,1.0,0.0,1.0,PER,SRB
1041,"('PE', 'RU')",PE,RU,0.86,1.0,0.14,0.9299999999999999,PER,RUS
1042,"('PE', 'SA')",PE,SA,0.98,1.0,0.020000000000000018,0.99,PER,SAU
1043,"('PE', 'SC')",PE,SC,0.98,1.0,0.020000000000000018,0.99,PER,SYC
1044,"('PE', 'SE')",PE,SE,0.98,1.0,0.020000000000000018,0.99,PER,SWE
1045,"('PE', 'SG')",PE,SG,0.98,1.0,0.020000000000000018,0.99,PER,SGP
1046,"('PE', 'SK')",PE,SK,0.98,1.0,0.020000000000000018,0.99,PER,SVK
1047,"('PE', 'TR')",PE,TR,0.96,0.98,0.020000000000000018,0.97,PER,TUR
1048,"('PE', 'TW')",PE,TW,0.96,0.98,0.020000000000000018,0.97,PER,TWN
1049,"('PE', 'VE')",PE,VE,1.0,1.0,0.0,1.0,PER,VEN
1050,"('PE', 'ZA')",PE,ZA,0.98,1.0,0.020000000000000018,0.99,PER,ZAF
1051,"('PL', 'AT')",PL,AT,0.98,1.0,0.020000000000000018,0.99,POL,AUT
1052,"('PL', 'BR')",PL,BR,0.98,1.0,0.020000000000000018,0.99,POL,BRA
1053,"('PL', 'CR')",PL,CR,1.0,1.0,0.0,1.0,POL,CRI
1054,"('PL', 'DZ')",PL,DZ,1.0,1.0,0.0,1.0,POL,DZA
1055,"('PL', 'GR')",PL,GR,1.0,1.0,0.0,1.0,POL,GRC
1056,"('PL', 'LI')",PL,LI,1.0,1.0,0.0,1.0,POL,LIE
1057,"('PL', 'SA')",PL,SA,0.9,1.0,0.09999999999999998,0.95,POL,SAU
1058,"('PL', 'SC')",PL,SC,0.96,1.0,0.040000000000000036,0.98,POL,SYC
1059,"('PT', 'AT')",PT,AT,1.0,1.0,0.0,1.0,PRT,AUT
1060,"('PT', 'BR')",PT,BR,1.0,1.0,0.0,1.0,PRT,BRA
1061,"('PT', 'CR')",PT,CR,1.0,1.0,0.0,1.0,PRT,CRI
1062,"('PT', 'CZ')",PT,CZ,1.0,1.0,0.0,1.0,PRT,CZE
1063,"('PT', 'DK')",PT,DK,1.0,1.0,0.0,1.0,PRT,DNK
1064,"('PT', 'DZ')",PT,DZ,1.0,1.0,0.0,1.0,PRT,DZA
1065,"('PT', 'GR')",PT,GR,1.0,1.0,0.0,1.0,PRT,GRC
1066,"('PT', 'IL')",PT,IL,1.0,1.0,0.0,1.0,PRT,ISR
1067,"('PT', 'LI')",PT,LI,1.0,1.0,0.0,1.0,PRT,LIE
1068,"('PT', 'PL')",PT,PL,1.0,0.98,0.020000000000000018,0.99,PRT,POL
1069,"('PT', 'SA')",PT,SA,0.9,1.0,0.09999999999999998,0.95,PRT,SAU
1070,"('PT', 'SC')",PT,SC,0.98,1.0,0.020000000000000018,0.99,PRT,SYC
1071,"('PT', 'TR')",PT,TR,0.96,0.98,0.020000000000000018,0.97,PRT,TUR
1072,"('RO', 'AD')",RO,AD,1.0,1.0,0.0,1.0,ROU,AND
1073,"('RO', 'AT')",RO,AT,1.0,1.0,0.0,1.0,ROU,AUT
1074,"('RO', 'BE')",RO,BE,1.0,1.0,0.0,1.0,ROU,BEL
1075,"('RO', 'BR')",RO,BR,0.98,1.0,0.020000000000000018,0.99,ROU,BRA
1076,"('RO', 'CA')",RO,CA,1.0,1.0,0.0,1.0,ROU,CAN
1077,"('RO', 'CL')",RO,CL,0.98,1.0,0.020000000000000018,0.99,ROU,CHL
1078,"('RO', 'CN')",RO,CN,0.94,0.94,0.0,0.94,ROU,CHN
1079,"('RO', 'CR')",RO,CR,1.0,1.0,0.0,1.0,ROU,CRI
1080,"('RO', 'CZ')",RO,CZ,1.0,1.0,0.0,1.0,ROU,CZE
1081,"('RO', 'DK')",RO,DK,1.0,1.0,0.0,1.0,ROU,DNK
1082,"('RO', 'DZ')",RO,DZ,1.0,1.0,0.0,1.0,ROU,DZA
1083,"('RO', 'ES')",RO,ES,0.96,1.0,0.040000000000000036,0.98,ROU,ESP
1084,"('RO', 'FI')",RO,FI,1.0,1.0,0.0,1.0,ROU,FIN
1085,"('RO', 'FR')",RO,FR,1.0,1.0,0.0,1.0,ROU,FRA
1086,"('RO', 'GR')",RO,GR,1.0,1.0,0.0,1.0,ROU,GRC
1087,"('RO', 'HU')",RO,HU,0.98,1.0,0.020000000000000018,0.99,ROU,HUN
1088,"('RO', 'ID')",RO,ID,1.0,1.0,0.0,1.0,ROU,IDN
1089,"('RO', 'IL')",RO,IL,1.0,1.0,0.0,1.0,ROU,ISR
1090,"('RO', 'IN')",RO,IN,0.88,0.98,0.09999999999999998,0.9299999999999999,ROU,IND
1091,"('RO', 'IS')",RO,IS,1.0,1.0,0.0,1.0,ROU,ISL
1092,"('RO', 'KE')",RO,KE,1.0,1.0,0.0,1.0,ROU,KEN
1093,"('RO', 'LI')",RO,LI,1.0,1.0,0.0,1.0,ROU,LIE
1094,"('RO', 'LU')",RO,LU,0.98,1.0,0.020000000000000018,0.99,ROU,LUX
1095,"('RO', 'MD')",RO,MD,1.0,1.0,0.0,1.0,ROU,MDA
1096,"('RO', 'MX')",RO,MX,1.0,1.0,0.0,1.0,ROU,MEX
1097,"('RO', 'MY')",RO,MY,1.0,1.0,0.0,1.0,ROU,MYS
1098,"('RO', 'NO')",RO,NO,1.0,1.0,0.0,1.0,ROU,NOR
1099,"('RO', 'NZ')",RO,NZ,0.98,1.0,0.020000000000000018,0.99,ROU,NZL
1100,"('RO', 'PE')",RO,PE,1.0,1.0,0.0,1.0,ROU,PER
1101,"('RO', 'PL')",RO,PL,1.0,1.0,0.0,1.0,ROU,POL
1102,"('RO', 'PT')",RO,PT,1.0,1.0,0.0,1.0,ROU,PRT
1103,"('RO', 'RS')",RO,RS,1.0,1.0,0.0,1.0,ROU,SRB
1104,"('RO', 'RU')",RO,RU,0.88,1.0,0.12,0.94,ROU,RUS
1105,"('RO', 'SA')",RO,SA,0.88,1.0,0.12,0.94,ROU,SAU
1106,"('RO', 'SC')",RO,SC,1.0,1.0,0.0,1.0,ROU,SYC
1107,"('RO', 'SE')",RO,SE,1.0,0.98,0.020000000000000018,0.99,ROU,SWE
1108,"('RO', 'SG')",RO,SG,1.0,0.98,0.020000000000000018,0.99,ROU,SGP
1109,"('RO', 'SK')",RO,SK,0.98,1.0,0.020000000000000018,0.99,ROU,SVK
1110,"('RO', 'TR')",RO,TR,0.94,0.98,0.040000000000000036,0.96,ROU,TUR
1111,"('RO', 'TW')",RO,TW,1.0,0.96,0.040000000000000036,0.98,ROU,TWN
1112,"('RO', 'VE')",RO,VE,1.0,1.0,0.0,1.0,ROU,VEN
1113,"('RO', 'VN')",RO,VN,1.0,1.0,0.0,1.0,ROU,VNM
1114,"('RO', 'ZA')",RO,ZA,0.98,1.0,0.020000000000000018,0.99,ROU,ZAF
1115,"('RS', 'AT')",RS,AT,1.0,1.0,0.0,1.0,SRB,AUT
1116,"('RS', 'BE')",RS,BE,0.98,1.0,0.020000000000000018,0.99,SRB,BEL
1117,"('RS', 'BR')",RS,BR,0.98,1.0,0.020000000000000018,0.99,SRB,BRA
1118,"('RS', 'CR')",RS,CR,1.0,1.0,0.0,1.0,SRB,CRI
1119,"('RS', 'CZ')",RS,CZ,1.0,1.0,0.0,1.0,SRB,CZE
1120,"('RS', 'DK')",RS,DK,1.0,1.0,0.0,1.0,SRB,DNK
1121,"('RS', 'DZ')",RS,DZ,1.0,1.0,0.0,1.0,SRB,DZA
1122,"('RS', 'FI')",RS,FI,0.98,1.0,0.020000000000000018,0.99,SRB,FIN
1123,"('RS', 'GR')",RS,GR,1.0,1.0,0.0,1.0,SRB,GRC
1124,"('RS', 'IL')",RS,IL,1.0,1.0,0.0,1.0,SRB,ISR
1125,"('RS', 'IS')",RS,IS,1.0,1.0,0.0,1.0,SRB,ISL
1126,"('RS', 'LI')",RS,LI,1.0,1.0,0.0,1.0,SRB,LIE
1127,"('RS', 'MY')",RS,MY,1.0,1.0,0.0,1.0,SRB,MYS
1128,"('RS', 'PL')",RS,PL,1.0,1.0,0.0,1.0,SRB,POL
1129,"('RS', 'PT')",RS,PT,1.0,1.0,0.0,1.0,SRB,PRT
1130,"('RS', 'SA')",RS,SA,0.9,1.0,0.09999999999999998,0.95,SRB,SAU
1131,"('RS', 'SC')",RS,SC,0.98,1.0,0.020000000000000018,0.99,SRB,SYC
1132,"('RS', 'TR')",RS,TR,0.94,0.98,0.040000000000000036,0.96,SRB,TUR
1133,"('RS', 'VE')",RS,VE,1.0,1.0,0.0,1.0,SRB,VEN
1134,"('RU', 'AD')",RU,AD,1.0,1.0,0.0,1.0,RUS,AND
1135,"('RU', 'AT')",RU,AT,1.0,0.8,0.19999999999999996,0.9,RUS,AUT
1136,"('RU', 'BE')",RU,BE,1.0,0.84,0.16000000000000003,0.9199999999999999,RUS,BEL
1137,"('RU', 'BR')",RU,BR,1.0,0.8200000000000001,0.17999999999999994,0.91,RUS,BRA
1138,"('RU', 'CA')",RU,CA,1.0,0.84,0.16000000000000003,0.9199999999999999,RUS,CAN
1139,"('RU', 'CR')",RU,CR,1.0,0.9,0.09999999999999998,0.95,RUS,CRI
1140,"('RU', 'CZ')",RU,CZ,1.0,0.86,0.14,0.9299999999999999,RUS,CZE
1141,"('RU', 'DK')",RU,DK,1.0,0.9,0.09999999999999998,0.95,RUS,DNK
1142,"('RU', 'DZ')",RU,DZ,1.0,0.8200000000000001,0.17999999999999994,0.91,RUS,DZA
1143,"('RU', 'FI')",RU,FI,1.0,0.88,0.12,0.94,RUS,FIN
1144,"('RU', 'GR')",RU,GR,1.0,0.92,0.07999999999999996,0.96,RUS,GRC
1145,"('RU', 'IL')",RU,IL,1.0,0.88,0.12,0.94,RUS,ISR
1146,"('RU', 'IS')",RU,IS,0.98,1.0,0.020000000000000018,0.99,RUS,ISL
1147,"('RU', 'LI')",RU,LI,1.0,1.0,0.0,1.0,RUS,LIE
1148,"('RU', 'MY')",RU,MY,1.0,0.88,0.12,0.94,RUS,MYS
1149,"('RU', 'PL')",RU,PL,1.0,0.86,0.14,0.9299999999999999,RUS,POL
1150,"('RU', 'PT')",RU,PT,1.0,0.88,0.12,0.94,RUS,PRT
1151,"('RU', 'RS')",RU,RS,1.0,0.86,0.14,0.9299999999999999,RUS,SRB
1152,"('RU', 'SA')",RU,SA,0.98,0.88,0.09999999999999998,0.9299999999999999,RUS,SAU
1153,"('RU', 'SC')",RU,SC,0.98,1.0,0.020000000000000018,0.99,RUS,SYC
1154,"('RU', 'TR')",RU,TR,0.98,0.86,0.12,0.9199999999999999,RUS,TUR
1155,"('RU', 'VE')",RU,VE,0.98,0.88,0.09999999999999998,0.9299999999999999,RUS,VEN
1156,"('SA', 'AT')",SA,AT,1.0,0.88,0.12,0.94,SAU,AUT
1157,"('SA', 'CR')",SA,CR,1.0,0.96,0.040000000000000036,0.98,SAU,CRI
1158,"('SA', 'GR')",SA,GR,1.0,1.0,0.0,1.0,SAU,GRC
1159,"('SA', 'LI')",SA,LI,1.0,1.0,0.0,1.0,SAU,LIE
1160,"('SC', 'AT')",SC,AT,1.0,1.0,0.0,1.0,SYC,AUT
1161,"('SC', 'CR')",SC,CR,1.0,0.98,0.020000000000000018,0.99,SYC,CRI
1162,"('SC', 'GR')",SC,GR,1.0,1.0,0.0,1.0,SYC,GRC
1163,"('SC', 'LI')",SC,LI,1.0,1.0,0.0,1.0,SYC,LIE
1164,"('SC', 'SA')",SC,SA,1.0,0.98,0.020000000000000018,0.99,SYC,SAU
1165,"('SE', 'AD')",SE,AD,1.0,1.0,0.0,1.0,SWE,AND
1166,"('SE', 'AT')",SE,AT,1.0,1.0,0.0,1.0,SWE,AUT
1167,"('SE', 'BE')",SE,BE,0.98,1.0,0.020000000000000018,0.99,SWE,BEL
1168,"('SE', 'BR')",SE,BR,1.0,1.0,0.0,1.0,SWE,BRA
1169,"('SE', 'CA')",SE,CA,1.0,0.94,0.06000000000000005,0.97,SWE,CAN
1170,"('SE', 'CL')",SE,CL,0.96,0.98,0.020000000000000018,0.97,SWE,CHL
1171,"('SE', 'CN')",SE,CN,0.92,0.88,0.040000000000000036,0.9,SWE,CHN
1172,"('SE', 'CR')",SE,CR,1.0,0.96,0.040000000000000036,0.98,SWE,CRI
1173,"('SE', 'CZ')",SE,CZ,1.0,1.0,0.0,1.0,SWE,CZE
1174,"('SE', 'DK')",SE,DK,1.0,0.98,0.020000000000000018,0.99,SWE,DNK
1175,"('SE', 'DZ')",SE,DZ,1.0,0.98,0.020000000000000018,0.99,SWE,DZA
1176,"('SE', 'FI')",SE,FI,0.98,1.0,0.020000000000000018,0.99,SWE,FIN
1177,"('SE', 'FR')",SE,FR,0.98,1.0,0.020000000000000018,0.99,SWE,FRA
1178,"('SE', 'GR')",SE,GR,1.0,0.98,0.020000000000000018,0.99,SWE,GRC
1179,"('SE', 'HU')",SE,HU,0.96,1.0,0.040000000000000036,0.98,SWE,HUN
1180,"('SE', 'ID')",SE,ID,1.0,0.98,0.020000000000000018,0.99,SWE,IDN
1181,"('SE', 'IL')",SE,IL,1.0,0.98,0.020000000000000018,0.99,SWE,ISR
1182,"('SE', 'IN')",SE,IN,0.86,0.96,0.09999999999999998,0.9099999999999999,SWE,IND
1183,"('SE', 'IS')",SE,IS,1.0,1.0,0.0,1.0,SWE,ISL
1184,"('SE', 'LI')",SE,LI,1.0,1.0,0.0,1.0,SWE,LIE
1185,"('SE', 'LU')",SE,LU,0.98,1.0,0.020000000000000018,0.99,SWE,LUX
1186,"('SE', 'MD')",SE,MD,0.98,1.0,0.020000000000000018,0.99,SWE,MDA
1187,"('SE', 'MY')",SE,MY,1.0,0.98,0.020000000000000018,0.99,SWE,MYS
1188,"('SE', 'NO')",SE,NO,1.0,1.0,0.0,1.0,SWE,NOR
1189,"('SE', 'NZ')",SE,NZ,0.98,0.98,0.0,0.98,SWE,NZL
1190,"('SE', 'PL')",SE,PL,0.98,0.98,0.0,0.98,SWE,POL
1191,"('SE', 'PT')",SE,PT,1.0,0.98,0.020000000000000018,0.99,SWE,PRT
1192,"('SE', 'RS')",SE,RS,1.0,0.98,0.020000000000000018,0.99,SWE,SRB
1193,"('SE', 'RU')",SE,RU,0.9,1.0,0.09999999999999998,0.95,SWE,RUS
1194,"('SE', 'SA')",SE,SA,0.9,0.96,0.05999999999999994,0.9299999999999999,SWE,SAU
1195,"('SE', 'SC')",SE,SC,1.0,1.0,0.0,1.0,SWE,SYC
1196,"('SE', 'SG')",SE,SG,0.96,0.94,0.020000000000000018,0.95,SWE,SGP
1197,"('SE', 'SK')",SE,SK,0.96,0.98,0.020000000000000018,0.97,SWE,SVK
1198,"('SE', 'TR')",SE,TR,0.94,0.96,0.020000000000000018,0.95,SWE,TUR
1199,"('SE', 'TW')",SE,TW,0.96,0.94,0.020000000000000018,0.95,SWE,TWN
1200,"('SE', 'VE')",SE,VE,0.98,0.98,0.0,0.98,SWE,VEN
1201,"('SE', 'ZA')",SE,ZA,0.98,0.96,0.020000000000000018,0.97,SWE,ZAF
1202,"('SG', 'AD')",SG,AD,1.0,1.0,0.0,1.0,SGP,AND
1203,"('SG', 'AT')",SG,AT,1.0,1.0,0.0,1.0,SGP,AUT
1204,"('SG', 'BE')",SG,BE,0.98,1.0,0.020000000000000018,0.99,SGP,BEL
1205,"('SG', 'BR')",SG,BR,0.98,1.0,0.020000000000000018,0.99,SGP,BRA
1206,"('SG', 'CA')",SG,CA,1.0,0.98,0.020000000000000018,0.99,SGP,CAN
1207,"('SG', 'CR')",SG,CR,1.0,0.98,0.020000000000000018,0.99,SGP,CRI
1208,"('SG', 'CZ')",SG,CZ,1.0,1.0,0.0,1.0,SGP,CZE
1209,"('SG', 'DK')",SG,DK,1.0,0.98,0.020000000000000018,0.99,SGP,DNK
1210,"('SG', 'DZ')",SG,DZ,1.0,0.98,0.020000000000000018,0.99,SGP,DZA
1211,"('SG', 'FI')",SG,FI,0.98,1.0,0.020000000000000018,0.99,SGP,FIN
1212,"('SG', 'GR')",SG,GR,1.0,0.98,0.020000000000000018,0.99,SGP,GRC
1213,"('SG', 'IL')",SG,IL,1.0,0.98,0.020000000000000018,0.99,SGP,ISR
1214,"('SG', 'IS')",SG,IS,1.0,1.0,0.0,1.0,SGP,ISL
1215,"('SG', 'LI')",SG,LI,1.0,1.0,0.0,1.0,SGP,LIE
1216,"('SG', 'MD')",SG,MD,1.0,1.0,0.0,1.0,SGP,MDA
1217,"('SG', 'MY')",SG,MY,1.0,0.96,0.040000000000000036,0.98,SGP,MYS
1218,"('SG', 'NO')",SG,NO,1.0,1.0,0.0,1.0,SGP,NOR
1219,"('SG', 'PL')",SG,PL,1.0,1.0,0.0,1.0,SGP,POL
1220,"('SG', 'PT')",SG,PT,1.0,0.98,0.020000000000000018,0.99,SGP,PRT
1221,"('SG', 'RS')",SG,RS,1.0,0.98,0.020000000000000018,0.99,SGP,SRB
1222,"('SG', 'RU')",SG,RU,0.8200000000000001,1.0,0.17999999999999994,0.91,SGP,RUS
1223,"('SG', 'SA')",SG,SA,0.96,0.98,0.020000000000000018,0.97,SGP,SAU
1224,"('SG', 'SC')",SG,SC,0.98,1.0,0.020000000000000018,0.99,SGP,SYC
1225,"('SG', 'TR')",SG,TR,0.98,0.98,0.0,0.98,SGP,TUR
1226,"('SG', 'TW')",SG,TW,0.96,0.96,0.0,0.96,SGP,TWN
1227,"('SG', 'VE')",SG,VE,0.98,0.98,0.0,0.98,SGP,VEN
1228,"('SK', 'AD')",SK,AD,1.0,1.0,0.0,1.0,SVK,AND
1229,"('SK', 'AT')",SK,AT,1.0,0.98,0.020000000000000018,0.99,SVK,AUT
1230,"('SK', 'BE')",SK,BE,1.0,0.98,0.020000000000000018,0.99,SVK,BEL
1231,"('SK', 'BR')",SK,BR,0.98,0.96,0.020000000000000018,0.97,SVK,BRA
1232,"('SK', 'CA')",SK,CA,1.0,0.98,0.020000000000000018,0.99,SVK,CAN
1233,"('SK', 'CL')",SK,CL,0.98,0.98,0.0,0.98,SVK,CHL
1234,"('SK', 'CN')",SK,CN,0.94,0.96,0.020000000000000018,0.95,SVK,CHN
1235,"('SK', 'CR')",SK,CR,1.0,0.98,0.020000000000000018,0.99,SVK,CRI
1236,"('SK', 'CZ')",SK,CZ,1.0,1.0,0.0,1.0,SVK,CZE
1237,"('SK', 'DK')",SK,DK,1.0,0.98,0.020000000000000018,0.99,SVK,DNK
1238,"('SK', 'DZ')",SK,DZ,1.0,0.98,0.020000000000000018,0.99,SVK,DZA
1239,"('SK', 'FI')",SK,FI,1.0,0.98,0.020000000000000018,0.99,SVK,FIN
1240,"('SK', 'GR')",SK,GR,1.0,0.98,0.020000000000000018,0.99,SVK,GRC
1241,"('SK', 'IL')",SK,IL,1.0,0.98,0.020000000000000018,0.99,SVK,ISR
1242,"('SK', 'IN')",SK,IN,0.9,0.96,0.05999999999999994,0.9299999999999999,SVK,IND
1243,"('SK', 'IS')",SK,IS,1.0,1.0,0.0,1.0,SVK,ISL
1244,"('SK', 'LI')",SK,LI,1.0,1.0,0.0,1.0,SVK,LIE
1245,"('SK', 'LU')",SK,LU,1.0,1.0,0.0,1.0,SVK,LUX
1246,"('SK', 'MD')",SK,MD,1.0,1.0,0.0,1.0,SVK,MDA
1247,"('SK', 'MY')",SK,MY,1.0,0.96,0.040000000000000036,0.98,SVK,MYS
1248,"('SK', 'NO')",SK,NO,1.0,0.98,0.020000000000000018,0.99,SVK,NOR
1249,"('SK', 'PL')",SK,PL,1.0,1.0,0.0,1.0,SVK,POL
1250,"('SK', 'PT')",SK,PT,1.0,0.98,0.020000000000000018,0.99,SVK,PRT
1251,"('SK', 'RS')",SK,RS,1.0,0.98,0.020000000000000018,0.99,SVK,SRB
1252,"('SK', 'RU')",SK,RU,0.84,0.98,0.14,0.9099999999999999,SVK,RUS
1253,"('SK', 'SA')",SK,SA,0.9,0.98,0.07999999999999996,0.94,SVK,SAU
1254,"('SK', 'SC')",SK,SC,0.98,1.0,0.020000000000000018,0.99,SVK,SYC
1255,"('SK', 'SG')",SK,SG,1.0,0.98,0.020000000000000018,0.99,SVK,SGP
1256,"('SK', 'TR')",SK,TR,0.94,0.96,0.020000000000000018,0.95,SVK,TUR
1257,"('SK', 'TW')",SK,TW,0.98,0.94,0.040000000000000036,0.96,SVK,TWN
1258,"('SK', 'VE')",SK,VE,0.98,0.98,0.0,0.98,SVK,VEN
1259,"('TR', 'AT')",TR,AT,0.98,0.94,0.040000000000000036,0.96,TUR,AUT
1260,"('TR', 'BR')",TR,BR,0.98,0.96,0.020000000000000018,0.97,TUR,BRA
1261,"('TR', 'CR')",TR,CR,0.98,0.96,0.020000000000000018,0.97,TUR,CRI
1262,"('TR', 'DZ')",TR,DZ,0.98,0.98,0.0,0.98,TUR,DZA
1263,"('TR', 'GR')",TR,GR,0.98,0.98,0.0,0.98,TUR,GRC
1264,"('TR', 'LI')",TR,LI,1.0,1.0,0.0,1.0,TUR,LIE
1265,"('TR', 'PL')",TR,PL,0.98,0.94,0.040000000000000036,0.96,TUR,POL
1266,"('TR', 'SA')",TR,SA,1.0,0.98,0.020000000000000018,0.99,TUR,SAU
1267,"('TR', 'SC')",TR,SC,0.96,1.0,0.040000000000000036,0.98,TUR,SYC
1268,"('TW', 'AD')",TW,AD,1.0,1.0,0.0,1.0,TWN,AND
1269,"('TW', 'AT')",TW,AT,0.98,1.0,0.020000000000000018,0.99,TWN,AUT
1270,"('TW', 'BE')",TW,BE,0.96,1.0,0.040000000000000036,0.98,TWN,BEL
1271,"('TW', 'BR')",TW,BR,0.98,1.0,0.020000000000000018,0.99,TWN,BRA
1272,"('TW', 'CA')",TW,CA,0.98,0.98,0.0,0.98,TWN,CAN
1273,"('TW', 'CR')",TW,CR,1.0,0.98,0.020000000000000018,0.99,TWN,CRI
1274,"('TW', 'CZ')",TW,CZ,1.0,1.0,0.0,1.0,TWN,CZE
1275,"('TW', 'DK')",TW,DK,1.0,0.98,0.020000000000000018,0.99,TWN,DNK
1276,"('TW', 'DZ')",TW,DZ,1.0,0.94,0.06000000000000005,0.97,TWN,DZA
1277,"('TW', 'FI')",TW,FI,0.98,1.0,0.020000000000000018,0.99,TWN,FIN
1278,"('TW', 'GR')",TW,GR,1.0,0.98,0.020000000000000018,0.99,TWN,GRC
1279,"('TW', 'IL')",TW,IL,0.98,0.94,0.040000000000000036,0.96,TWN,ISR
1280,"('TW', 'IS')",TW,IS,1.0,1.0,0.0,1.0,TWN,ISL
1281,"('TW', 'LI')",TW,LI,1.0,1.0,0.0,1.0,TWN,LIE
1282,"('TW', 'MD')",TW,MD,1.0,1.0,0.0,1.0,TWN,MDA
1283,"('TW', 'MY')",TW,MY,0.98,0.98,0.0,0.98,TWN,MYS
1284,"('TW', 'NO')",TW,NO,1.0,1.0,0.0,1.0,TWN,NOR
1285,"('TW', 'PL')",TW,PL,0.96,0.98,0.020000000000000018,0.97,TWN,POL
1286,"('TW', 'PT')",TW,PT,0.98,0.96,0.020000000000000018,0.97,TWN,PRT
1287,"('TW', 'RS')",TW,RS,1.0,0.98,0.020000000000000018,0.99,TWN,SRB
1288,"('TW', 'RU')",TW,RU,0.86,1.0,0.14,0.9299999999999999,TWN,RUS
1289,"('TW', 'SA')",TW,SA,1.0,0.96,0.040000000000000036,0.98,TWN,SAU
1290,"('TW', 'SC')",TW,SC,0.98,1.0,0.020000000000000018,0.99,TWN,SYC
1291,"('TW', 'TR')",TW,TR,0.98,0.96,0.020000000000000018,0.97,TWN,TUR
1292,"('TW', 'VE')",TW,VE,1.0,0.94,0.06000000000000005,0.97,TWN,VEN
1293,"('UA', 'AD')",UA,AD,1.0,1.0,0.0,1.0,UKR,AND
1294,"('UA', 'AT')",UA,AT,1.0,1.0,0.0,1.0,UKR,AUT
1295,"('UA', 'AU')",UA,AU,0.96,1.0,0.040000000000000036,0.98,UKR,AUS
1296,"('UA', 'BE')",UA,BE,1.0,1.0,0.0,1.0,UKR,BEL
1297,"('UA', 'BG')",UA,BG,1.0,1.0,0.0,1.0,UKR,BGR
1298,"('UA', 'BR')",UA,BR,1.0,1.0,0.0,1.0,UKR,BRA
1299,"('UA', 'BZ')",UA,BZ,1.0,1.0,0.0,1.0,UKR,BLZ
1300,"('UA', 'CA')",UA,CA,1.0,1.0,0.0,1.0,UKR,CAN
1301,"('UA', 'CL')",UA,CL,0.98,1.0,0.020000000000000018,0.99,UKR,CHL
1302,"('UA', 'CN')",UA,CN,0.98,0.98,0.0,0.98,UKR,CHN
1303,"('UA', 'CO')",UA,CO,1.0,1.0,0.0,1.0,UKR,COL
1304,"('UA', 'CR')",UA,CR,1.0,1.0,0.0,1.0,UKR,CRI
1305,"('UA', 'CZ')",UA,CZ,1.0,1.0,0.0,1.0,UKR,CZE
1306,"('UA', 'DK')",UA,DK,1.0,1.0,0.0,1.0,UKR,DNK
1307,"('UA', 'DZ')",UA,DZ,1.0,1.0,0.0,1.0,UKR,DZA
1308,"('UA', 'ES')",UA,ES,0.98,1.0,0.020000000000000018,0.99,UKR,ESP
1309,"('UA', 'FI')",UA,FI,1.0,1.0,0.0,1.0,UKR,FIN
1310,"('UA', 'FR')",UA,FR,1.0,1.0,0.0,1.0,UKR,FRA
1311,"('UA', 'GR')",UA,GR,1.0,1.0,0.0,1.0,UKR,GRC
1312,"('UA', 'HK')",UA,HK,0.98,1.0,0.020000000000000018,0.99,UKR,HKG
1313,"('UA', 'HU')",UA,HU,1.0,1.0,0.0,1.0,UKR,HUN
1314,"('UA', 'ID')",UA,ID,1.0,1.0,0.0,1.0,UKR,IDN
1315,"('UA', 'IL')",UA,IL,1.0,1.0,0.0,1.0,UKR,ISR
1316,"('UA', 'IN')",UA,IN,0.92,1.0,0.07999999999999996,0.96,UKR,IND
1317,"('UA', 'IS')",UA,IS,0.98,1.0,0.020000000000000018,0.99,UKR,ISL
1318,"('UA', 'JP')",UA,JP,0.92,1.0,0.07999999999999996,0.96,UKR,JPN
1319,"('UA', 'KE')",UA,KE,1.0,1.0,0.0,1.0,UKR,KEN
1320,"('UA', 'KR')",UA,KR,0.6799999999999999,1.0,0.32000000000000006,0.84,UKR,KOR
1321,"('UA', 'LI')",UA,LI,1.0,1.0,0.0,1.0,UKR,LIE
1322,"('UA', 'LT')",UA,LT,1.0,1.0,0.0,1.0,UKR,LTU
1323,"('UA', 'LU')",UA,LU,1.0,1.0,0.0,1.0,UKR,LUX
1324,"('UA', 'MD')",UA,MD,1.0,1.0,0.0,1.0,UKR,MDA
1325,"('UA', 'MX')",UA,MX,1.0,1.0,0.0,1.0,UKR,MEX
1326,"('UA', 'MY')",UA,MY,1.0,1.0,0.0,1.0,UKR,MYS
1327,"('UA', 'NL')",UA,NL,0.98,1.0,0.020000000000000018,0.99,UKR,NLD
1328,"('UA', 'NO')",UA,NO,1.0,1.0,0.0,1.0,UKR,NOR
1329,"('UA', 'NZ')",UA,NZ,1.0,1.0,0.0,1.0,UKR,NZL
1330,"('UA', 'PE')",UA,PE,1.0,1.0,0.0,1.0,UKR,PER
1331,"('UA', 'PL')",UA,PL,1.0,1.0,0.0,1.0,UKR,POL
1332,"('UA', 'PT')",UA,PT,1.0,1.0,0.0,1.0,UKR,PRT
1333,"('UA', 'RO')",UA,RO,1.0,1.0,0.0,1.0,UKR,ROU
1334,"('UA', 'RS')",UA,RS,1.0,1.0,0.0,1.0,UKR,SRB
1335,"('UA', 'RU')",UA,RU,0.88,0.98,0.09999999999999998,0.9299999999999999,UKR,RUS
1336,"('UA', 'SA')",UA,SA,0.9,1.0,0.09999999999999998,0.95,UKR,SAU
1337,"('UA', 'SC')",UA,SC,1.0,1.0,0.0,1.0,UKR,SYC
1338,"('UA', 'SE')",UA,SE,1.0,1.0,0.0,1.0,UKR,SWE
1339,"('UA', 'SG')",UA,SG,1.0,1.0,0.0,1.0,UKR,SGP
1340,"('UA', 'SK')",UA,SK,1.0,1.0,0.0,1.0,UKR,SVK
1341,"('UA', 'TR')",UA,TR,0.96,0.98,0.020000000000000018,0.97,UKR,TUR
1342,"('UA', 'TW')",UA,TW,1.0,1.0,0.0,1.0,UKR,TWN
1343,"('UA', 'US')",UA,US,0.8,1.0,0.19999999999999996,0.9,UKR,USA
1344,"('UA', 'VE')",UA,VE,0.96,1.0,0.040000000000000036,0.98,UKR,VEN
1345,"('UA', 'VN')",UA,VN,1.0,1.0,0.0,1.0,UKR,VNM
1346,"('UA', 'ZA')",UA,ZA,0.98,1.0,0.020000000000000018,0.99,UKR,ZAF
1347,"('US', 'AD')",US,AD,1.0,1.0,0.0,1.0,USA,AND
1348,"('US', 'AT')",US,AT,1.0,0.6599999999999999,0.3400000000000001,0.83,USA,AUT
1349,"('US', 'AU')",US,AU,0.86,0.7,0.16000000000000003,0.78,USA,AUS
1350,"('US', 'BE')",US,BE,0.98,0.62,0.36,0.8,USA,BEL
1351,"('US', 'BG')",US,BG,1.0,0.8,0.19999999999999996,0.9,USA,BGR
1352,"('US', 'BR')",US,BR,0.96,0.74,0.21999999999999997,0.85,USA,BRA
1353,"('US', 'BZ')",US,BZ,1.0,1.0,0.0,1.0,USA,BLZ
1354,"('US', 'CA')",US,CA,1.0,0.64,0.36,0.8200000000000001,USA,CAN
1355,"('US', 'CL')",US,CL,0.98,0.76,0.21999999999999997,0.87,USA,CHL
1356,"('US', 'CN')",US,CN,0.9,0.6599999999999999,0.2400000000000001,0.78,USA,CHN
1357,"('US', 'CR')",US,CR,1.0,0.72,0.28,0.86,USA,CRI
1358,"('US', 'CZ')",US,CZ,1.0,0.78,0.21999999999999997,0.89,USA,CZE
1359,"('US', 'DK')",US,DK,1.0,0.76,0.24,0.88,USA,DNK
1360,"('US', 'DZ')",US,DZ,1.0,0.6599999999999999,0.3400000000000001,0.83,USA,DZA
1361,"('US', 'ES')",US,ES,0.96,0.6799999999999999,0.28,0.82,USA,ESP
1362,"('US', 'FI')",US,FI,0.98,0.74,0.24,0.86,USA,FIN
1363,"('US', 'FR')",US,FR,0.98,0.6799999999999999,0.30000000000000004,0.83,USA,FRA
1364,"('US', 'GR')",US,GR,1.0,0.84,0.16000000000000003,0.9199999999999999,USA,GRC
1365,"('US', 'HK')",US,HK,0.92,0.7,0.22000000000000008,0.81,USA,HKG
1366,"('US', 'HU')",US,HU,0.98,0.8,0.17999999999999994,0.89,USA,HUN
1367,"('US', 'ID')",US,ID,1.0,0.8200000000000001,0.17999999999999994,0.91,USA,IDN
1368,"('US', 'IL')",US,IL,1.0,0.76,0.24,0.88,USA,ISR
1369,"('US', 'IN')",US,IN,0.72,0.64,0.07999999999999996,0.6799999999999999,USA,IND
1370,"('US', 'IS')",US,IS,1.0,1.0,0.0,1.0,USA,ISL
1371,"('US', 'JP')",US,JP,0.9,0.56,0.33999999999999997,0.73,USA,JPN
1372,"('US', 'KE')",US,KE,1.0,0.74,0.26,0.87,USA,KEN
1373,"('US', 'LI')",US,LI,1.0,1.0,0.0,1.0,USA,LIE
1374,"('US', 'LT')",US,LT,0.96,0.84,0.12,0.8999999999999999,USA,LTU
1375,"('US', 'LU')",US,LU,0.98,1.0,0.020000000000000018,0.99,USA,LUX
1376,"('US', 'MD')",US,MD,0.98,0.76,0.21999999999999997,0.87,USA,MDA
1377,"('US', 'MX')",US,MX,0.96,0.72,0.24,0.84,USA,MEX
1378,"('US', 'MY')",US,MY,1.0,0.74,0.26,0.87,USA,MYS
1379,"('US', 'NL')",US,NL,0.84,0.5800000000000001,0.2599999999999999,0.71,USA,NLD
1380,"('US', 'NO')",US,NO,0.98,0.74,0.24,0.86,USA,NOR
1381,"('US', 'NZ')",US,NZ,0.98,0.74,0.24,0.86,USA,NZL
1382,"('US', 'PE')",US,PE,0.98,0.6799999999999999,0.30000000000000004,0.83,USA,PER
1383,"('US', 'PL')",US,PL,1.0,0.72,0.28,0.86,USA,POL
1384,"('US', 'PT')",US,PT,1.0,0.7,0.30000000000000004,0.85,USA,PRT
1385,"('US', 'RO')",US,RO,0.98,0.72,0.26,0.85,USA,ROU
1386,"('US', 'RS')",US,RS,1.0,0.72,0.28,0.86,USA,SRB
1387,"('US', 'RU')",US,RU,0.8200000000000001,0.8200000000000001,0.0,0.8200000000000001,USA,RUS
1388,"('US', 'SA')",US,SA,0.94,0.76,0.17999999999999994,0.85,USA,SAU
1389,"('US', 'SC')",US,SC,0.98,1.0,0.020000000000000018,0.99,USA,SYC
1390,"('US', 'SE')",US,SE,0.94,0.7,0.24,0.82,USA,SWE
1391,"('US', 'SG')",US,SG,0.98,0.6799999999999999,0.30000000000000004,0.83,USA,SGP
1392,"('US', 'SK')",US,SK,0.98,0.74,0.24,0.86,USA,SVK
1393,"('US', 'TR')",US,TR,0.96,0.74,0.21999999999999997,0.85,USA,TUR
1394,"('US', 'TW')",US,TW,0.96,0.7,0.26,0.83,USA,TWN
1395,"('US', 'VE')",US,VE,1.0,0.7,0.30000000000000004,0.85,USA,VEN
1396,"('US', 'VN')",US,VN,1.0,0.74,0.26,0.87,USA,VNM
1397,"('US', 'ZA')",US,ZA,0.98,0.7,0.28,0.84,USA,ZAF
1398,"('VE', 'AT')",VE,AT,1.0,0.98,0.020000000000000018,0.99,VEN,AUT
1399,"('VE', 'BR')",VE,BR,1.0,0.98,0.020000000000000018,0.99,VEN,BRA
1400,"('VE', 'CR')",VE,CR,1.0,1.0,0.0,1.0,VEN,CRI
1401,"('VE', 'CZ')",VE,CZ,1.0,0.98,0.020000000000000018,0.99,VEN,CZE
1402,"('VE', 'DK')",VE,DK,1.0,0.98,0.020000000000000018,0.99,VEN,DNK
1403,"('VE', 'DZ')",VE,DZ,1.0,0.96,0.040000000000000036,0.98,VEN,DZA
1404,"('VE', 'GR')",VE,GR,1.0,1.0,0.0,1.0,VEN,GRC
1405,"('VE', 'IL')",VE,IL,1.0,0.98,0.020000000000000018,0.99,VEN,ISR
1406,"('VE', 'LI')",VE,LI,1.0,1.0,0.0,1.0,VEN,LIE
1407,"('VE', 'PL')",VE,PL,1.0,0.98,0.020000000000000018,0.99,VEN,POL
1408,"('VE', 'PT')",VE,PT,1.0,0.98,0.020000000000000018,0.99,VEN,PRT
1409,"('VE', 'SA')",VE,SA,0.96,0.98,0.020000000000000018,0.97,VEN,SAU
1410,"('VE', 'SC')",VE,SC,1.0,1.0,0.0,1.0,VEN,SYC
1411,"('VE', 'TR')",VE,TR,0.98,0.98,0.0,0.98,VEN,TUR
1412,"('VN', 'AD')",VN,AD,1.0,1.0,0.0,1.0,VNM,AND
1413,"('VN', 'AT')",VN,AT,1.0,1.0,0.0,1.0,VNM,AUT
1414,"('VN', 'BE')",VN,BE,1.0,1.0,0.0,1.0,VNM,BEL
1415,"('VN', 'BR')",VN,BR,0.98,1.0,0.020000000000000018,0.99,VNM,BRA
1416,"('VN', 'CA')",VN,CA,1.0,1.0,0.0,1.0,VNM,CAN
1417,"('VN', 'CL')",VN,CL,0.98,1.0,0.020000000000000018,0.99,VNM,CHL
1418,"('VN', 'CN')",VN,CN,0.94,0.96,0.020000000000000018,0.95,VNM,CHN
1419,"('VN', 'CR')",VN,CR,1.0,1.0,0.0,1.0,VNM,CRI
1420,"('VN', 'CZ')",VN,CZ,1.0,1.0,0.0,1.0,VNM,CZE
1421,"('VN', 'DK')",VN,DK,1.0,1.0,0.0,1.0,VNM,DNK
1422,"('VN', 'DZ')",VN,DZ,1.0,1.0,0.0,1.0,VNM,DZA
1423,"('VN', 'FI')",VN,FI,1.0,1.0,0.0,1.0,VNM,FIN
1424,"('VN', 'FR')",VN,FR,0.98,1.0,0.020000000000000018,0.99,VNM,FRA
1425,"('VN', 'GR')",VN,GR,1.0,1.0,0.0,1.0,VNM,GRC
1426,"('VN', 'HU')",VN,HU,0.98,1.0,0.020000000000000018,0.99,VNM,HUN
1427,"('VN', 'ID')",VN,ID,1.0,1.0,0.0,1.0,VNM,IDN
1428,"('VN', 'IL')",VN,IL,1.0,1.0,0.0,1.0,VNM,ISR
1429,"('VN', 'IN')",VN,IN,0.88,1.0,0.12,0.94,VNM,IND
1430,"('VN', 'IS')",VN,IS,1.0,1.0,0.0,1.0,VNM,ISL
1431,"('VN', 'LI')",VN,LI,1.0,1.0,0.0,1.0,VNM,LIE
1432,"('VN', 'LU')",VN,LU,0.98,1.0,0.020000000000000018,0.99,VNM,LUX
1433,"('VN', 'MD')",VN,MD,1.0,1.0,0.0,1.0,VNM,MDA
1434,"('VN', 'MX')",VN,MX,1.0,1.0,0.0,1.0,VNM,MEX
1435,"('VN', 'MY')",VN,MY,1.0,1.0,0.0,1.0,VNM,MYS
1436,"('VN', 'NO')",VN,NO,1.0,1.0,0.0,1.0,VNM,NOR
1437,"('VN', 'NZ')",VN,NZ,1.0,1.0,0.0,1.0,VNM,NZL
1438,"('VN', 'PE')",VN,PE,1.0,1.0,0.0,1.0,VNM,PER
1439,"('VN', 'PL')",VN,PL,1.0,0.98,0.020000000000000018,0.99,VNM,POL
1440,"('VN', 'PT')",VN,PT,1.0,1.0,0.0,1.0,VNM,PRT
1441,"('VN', 'RS')",VN,RS,1.0,1.0,0.0,1.0,VNM,SRB
1442,"('VN', 'RU')",VN,RU,0.9,1.0,0.09999999999999998,0.95,VNM,RUS
1443,"('VN', 'SA')",VN,SA,0.98,1.0,0.020000000000000018,0.99,VNM,SAU
1444,"('VN', 'SC')",VN,SC,1.0,1.0,0.0,1.0,VNM,SYC
1445,"('VN', 'SE')",VN,SE,1.0,1.0,0.0,1.0,VNM,SWE
1446,"('VN', 'SG')",VN,SG,1.0,1.0,0.0,1.0,VNM,SGP
1447,"('VN', 'SK')",VN,SK,0.98,1.0,0.020000000000000018,0.99,VNM,SVK
1448,"('VN', 'TR')",VN,TR,0.96,1.0,0.040000000000000036,0.98,VNM,TUR
1449,"('VN', 'TW')",VN,TW,1.0,0.98,0.020000000000000018,0.99,VNM,TWN
1450,"('VN', 'VE')",VN,VE,1.0,1.0,0.0,1.0,VNM,VEN
1451,"('VN', 'ZA')",VN,ZA,0.98,1.0,0.020000000000000018,0.99,VNM,ZAF
1452,"('ZA', 'AD')",ZA,AD,1.0,1.0,0.0,1.0,ZAF,AND
1453,"('ZA', 'AT')",ZA,AT,1.0,0.98,0.020000000000000018,0.99,ZAF,AUT
1454,"('ZA', 'BE')",ZA,BE,0.98,0.96,0.020000000000000018,0.97,ZAF,BEL
1455,"('ZA', 'BR')",ZA,BR,0.96,0.98,0.020000000000000018,0.97,ZAF,BRA
1456,"('ZA', 'CA')",ZA,CA,1.0,0.98,0.020000000000000018,0.99,ZAF,CAN
1457,"('ZA', 'CL')",ZA,CL,0.98,0.98,0.0,0.98,ZAF,CHL
1458,"('ZA', 'CN')",ZA,CN,0.92,0.98,0.05999999999999994,0.95,ZAF,CHN
1459,"('ZA', 'CR')",ZA,CR,1.0,0.98,0.020000000000000018,0.99,ZAF,CRI
1460,"('ZA', 'CZ')",ZA,CZ,1.0,0.98,0.020000000000000018,0.99,ZAF,CZE
1461,"('ZA', 'DK')",ZA,DK,1.0,0.98,0.020000000000000018,0.99,ZAF,DNK
1462,"('ZA', 'DZ')",ZA,DZ,1.0,0.98,0.020000000000000018,0.99,ZAF,DZA
1463,"('ZA', 'FI')",ZA,FI,0.98,0.98,0.0,0.98,ZAF,FIN
1464,"('ZA', 'GR')",ZA,GR,1.0,0.98,0.020000000000000018,0.99,ZAF,GRC
1465,"('ZA', 'HU')",ZA,HU,0.98,0.98,0.0,0.98,ZAF,HUN
1466,"('ZA', 'IL')",ZA,IL,1.0,0.98,0.020000000000000018,0.99,ZAF,ISR
1467,"('ZA', 'IN')",ZA,IN,0.88,0.98,0.09999999999999998,0.9299999999999999,ZAF,IND
1468,"('ZA', 'IS')",ZA,IS,1.0,1.0,0.0,1.0,ZAF,ISL
1469,"('ZA', 'LI')",ZA,LI,1.0,1.0,0.0,1.0,ZAF,LIE
1470,"('ZA', 'LU')",ZA,LU,0.98,1.0,0.020000000000000018,0.99,ZAF,LUX
1471,"('ZA', 'MD')",ZA,MD,1.0,0.98,0.020000000000000018,0.99,ZAF,MDA
1472,"('ZA', 'MY')",ZA,MY,1.0,0.98,0.020000000000000018,0.99,ZAF,MYS
1473,"('ZA', 'NO')",ZA,NO,1.0,0.98,0.020000000000000018,0.99,ZAF,NOR
1474,"('ZA', 'PL')",ZA,PL,1.0,0.98,0.020000000000000018,0.99,ZAF,POL
1475,"('ZA', 'PT')",ZA,PT,1.0,0.98,0.020000000000000018,0.99,ZAF,PRT
1476,"('ZA', 'RS')",ZA,RS,1.0,0.98,0.020000000000000018,0.99,ZAF,SRB
1477,"('ZA', 'RU')",ZA,RU,0.86,1.0,0.14,0.9299999999999999,ZAF,RUS
1478,"('ZA', 'SA')",ZA,SA,0.98,0.98,0.0,0.98,ZAF,SAU
1479,"('ZA', 'SC')",ZA,SC,0.98,1.0,0.020000000000000018,0.99,ZAF,SYC
1480,"('ZA', 'SG')",ZA,SG,0.98,0.98,0.0,0.98,ZAF,SGP
1481,"('ZA', 'SK')",ZA,SK,0.98,0.98,0.0,0.98,ZAF,SVK
1482,"('ZA', 'TR')",ZA,TR,0.98,0.96,0.020000000000000018,0.97,ZAF,TUR
1483,"('ZA', 'TW')",ZA,TW,0.98,0.96,0.020000000000000018,0.97,ZAF,TWN
1484,"('ZA', 'VE')",ZA,VE,0.98,0.98,0.0,0.98,ZAF,VEN
